market_id,date,metric_value,population,is_treatment,post_treatment
M000,2025-01-01,125.23,6215,1,0
M000,2025-01-02,49.58,6215,1,0
M000,2025-01-03,92.13,6215,1,0
M000,2025-01-04,98.88,6215,1,0
M000,2025-01-05,143.38,6215,1,0
M000,2025-01-06,182.81,6215,1,0
M000,2025-01-07,135.07,6215,1,0
M000,2025-01-08,124.02,6215,1,0
M000,2025-01-09,64.89,6215,1,0
M000,2025-01-10,43.96,6215,1,0
M000,2025-01-11,109.83,6215,1,0
M000,2025-01-12,108.51,6215,1,0
M000,2025-01-13,132.58,6215,1,0
M000,2025-01-14,140.65,6215,1,0
M000,2025-01-15,127.01,6215,1,0
M000,2025-01-16,46.49,6215,1,0
M000,2025-01-17,142.69,6215,1,0
M000,2025-01-18,97.53,6215,1,0
M000,2025-01-19,62.33,6215,1,0
M000,2025-01-20,89.3,6215,1,0
M000,2025-01-21,51.34,6215,1,0
M000,2025-01-22,97.27,6215,1,0
M000,2025-01-23,141.24,6215,1,0
M000,2025-01-24,91.01,6215,1,0
M000,2025-01-25,65.6,6215,1,0
M000,2025-01-26,92.31,6215,1,0
M000,2025-01-27,126.89,6215,1,0
M000,2025-01-28,53.74,6215,1,0
M000,2025-01-29,68.81,6215,1,0
M000,2025-01-30,114.96,6215,1,0
M000,2025-01-31,52.04,6215,1,0
M000,2025-02-01,185.44,6215,1,0
M000,2025-02-02,97.07,6215,1,0
M000,2025-02-03,68.92,6215,1,0
M000,2025-02-04,76.69,6215,1,0
M000,2025-02-05,91.93,6215,1,0
M000,2025-02-06,85.57,6215,1,0
M000,2025-02-07,16.46,6215,1,0
M000,2025-02-08,156.7,6215,1,0
M000,2025-02-09,103.23,6215,1,0
M000,2025-02-10,106.67,6215,1,0
M000,2025-02-11,146.62,6215,1,0
M000,2025-02-12,67.88,6215,1,0
M000,2025-02-13,77.83,6215,1,0
M000,2025-02-14,125.32,6215,1,0
M000,2025-02-15,100.43,6215,1,0
M000,2025-02-16,118.87,6215,1,0
M000,2025-02-17,104.72,6215,1,0
M000,2025-02-18,101.8,6215,1,0
M000,2025-02-19,174.14,6215,1,0
M000,2025-02-20,155.81,6215,1,0
M000,2025-02-21,0.0,6215,1,0
M000,2025-02-22,166.51,6215,1,0
M000,2025-02-23,196.41,6215,1,0
M000,2025-02-24,160.88,6215,1,0
M000,2025-02-25,103.24,6215,1,0
M000,2025-02-26,84.02,6215,1,0
M000,2025-02-27,141.71,6215,1,0
M000,2025-02-28,80.05,6215,1,0
M000,2025-03-01,118.92,6215,1,0
M000,2025-03-02,103.82,6215,1,0
M000,2025-03-03,160.59,6215,1,0
M000,2025-03-04,96.07,6215,1,1
M000,2025-03-05,96.62,6215,1,1
M000,2025-03-06,130.75,6215,1,1
M000,2025-03-07,194.53,6215,1,1
M000,2025-03-08,114.77,6215,1,1
M000,2025-03-09,96.41,6215,1,1
M000,2025-03-10,156.44,6215,1,1
M000,2025-03-11,156.28,6215,1,1
M000,2025-03-12,86.17,6215,1,1
M000,2025-03-13,101.2,6215,1,1
M000,2025-03-14,166.44,6215,1,1
M000,2025-03-15,135.3,6215,1,1
M000,2025-03-16,12.89,6215,1,1
M000,2025-03-17,142.56,6215,1,1
M000,2025-03-18,165.44,6215,1,1
M000,2025-03-19,91.31,6215,1,1
M000,2025-03-20,153.16,6215,1,1
M000,2025-03-21,199.77,6215,1,1
M000,2025-03-22,134.24,6215,1,1
M000,2025-03-23,91.72,6215,1,1
M000,2025-03-24,100.07,6215,1,1
M000,2025-03-25,126.82,6215,1,1
M000,2025-03-26,143.37,6215,1,1
M000,2025-03-27,127.29,6215,1,1
M000,2025-03-28,141.68,6215,1,1
M000,2025-03-29,111.39,6215,1,1
M000,2025-03-30,126.35,6215,1,1
M000,2025-03-31,163.7,6215,1,1
M001,2025-01-01,133.26,10198,0,0
M001,2025-01-02,201.35,10198,0,0
M001,2025-01-03,196.85,10198,0,0
M001,2025-01-04,243.32,10198,0,0
M001,2025-01-05,175.1,10198,0,0
M001,2025-01-06,232.08,10198,0,0
M001,2025-01-07,263.13,10198,0,0
M001,2025-01-08,86.04,10198,0,0
M001,2025-01-09,265.4,10198,0,0
M001,2025-01-10,131.17,10198,0,0
M001,2025-01-11,121.93,10198,0,0
M001,2025-01-12,15.23,10198,0,0
M001,2025-01-13,144.38,10198,0,0
M001,2025-01-14,196.46,10198,0,0
M001,2025-01-15,174.61,10198,0,0
M001,2025-01-16,167.15,10198,0,0
M001,2025-01-17,123.63,10198,0,0
M001,2025-01-18,240.34,10198,0,0
M001,2025-01-19,246.83,10198,0,0
M001,2025-01-20,218.17,10198,0,0
M001,2025-01-21,83.09,10198,0,0
M001,2025-01-22,334.97,10198,0,0
M001,2025-01-23,204.04,10198,0,0
M001,2025-01-24,223.4,10198,0,0
M001,2025-01-25,97.8,10198,0,0
M001,2025-01-26,188.46,10198,0,0
M001,2025-01-27,218.01,10198,0,0
M001,2025-01-28,188.5,10198,0,0
M001,2025-01-29,250.59,10198,0,0
M001,2025-01-30,273.73,10198,0,0
M001,2025-01-31,109.94,10198,0,0
M001,2025-02-01,239.56,10198,0,0
M001,2025-02-02,213.06,10198,0,0
M001,2025-02-03,192.92,10198,0,0
M001,2025-02-04,102.39,10198,0,0
M001,2025-02-05,287.37,10198,0,0
M001,2025-02-06,219.35,10198,0,0
M001,2025-02-07,83.55,10198,0,0
M001,2025-02-08,173.75,10198,0,0
M001,2025-02-09,209.14,10198,0,0
M001,2025-02-10,223.88,10198,0,0
M001,2025-02-11,189.56,10198,0,0
M001,2025-02-12,218.84,10198,0,0
M001,2025-02-13,323.35,10198,0,0
M001,2025-02-14,284.51,10198,0,0
M001,2025-02-15,131.27,10198,0,0
M001,2025-02-16,153.52,10198,0,0
M001,2025-02-17,186.75,10198,0,0
M001,2025-02-18,91.89,10198,0,0
M001,2025-02-19,117.46,10198,0,0
M001,2025-02-20,97.87,10198,0,0
M001,2025-02-21,122.13,10198,0,0
M001,2025-02-22,272.48,10198,0,0
M001,2025-02-23,138.07,10198,0,0
M001,2025-02-24,131.63,10198,0,0
M001,2025-02-25,250.75,10198,0,0
M001,2025-02-26,171.39,10198,0,0
M001,2025-02-27,221.05,10198,0,0
M001,2025-02-28,147.56,10198,0,0
M001,2025-03-01,80.12,10198,0,0
M001,2025-03-02,217.99,10198,0,0
M001,2025-03-03,100.13,10198,0,0
M001,2025-03-04,166.84,10198,0,1
M001,2025-03-05,154.41,10198,0,1
M001,2025-03-06,207.71,10198,0,1
M001,2025-03-07,158.08,10198,0,1
M001,2025-03-08,181.22,10198,0,1
M001,2025-03-09,95.78,10198,0,1
M001,2025-03-10,314.48,10198,0,1
M001,2025-03-11,125.37,10198,0,1
M001,2025-03-12,271.2,10198,0,1
M001,2025-03-13,205.09,10198,0,1
M001,2025-03-14,200.23,10198,0,1
M001,2025-03-15,210.42,10198,0,1
M001,2025-03-16,76.62,10198,0,1
M001,2025-03-17,252.24,10198,0,1
M001,2025-03-18,167.07,10198,0,1
M001,2025-03-19,271.87,10198,0,1
M001,2025-03-20,187.06,10198,0,1
M001,2025-03-21,169.27,10198,0,1
M001,2025-03-22,111.29,10198,0,1
M001,2025-03-23,143.98,10198,0,1
M001,2025-03-24,219.55,10198,0,1
M001,2025-03-25,119.12,10198,0,1
M001,2025-03-26,78.93,10198,0,1
M001,2025-03-27,144.58,10198,0,1
M001,2025-03-28,242.65,10198,0,1
M001,2025-03-29,296.73,10198,0,1
M001,2025-03-30,149.42,10198,0,1
M001,2025-03-31,100.79,10198,0,1
M002,2025-01-01,152.6,20633,1,0
M002,2025-01-02,168.47,20633,1,0
M002,2025-01-03,178.02,20633,1,0
M002,2025-01-04,230.11,20633,1,0
M002,2025-01-05,163.99,20633,1,0
M002,2025-01-06,218.19,20633,1,0
M002,2025-01-07,147.61,20633,1,0
M002,2025-01-08,167.93,20633,1,0
M002,2025-01-09,141.36,20633,1,0
M002,2025-01-10,133.98,20633,1,0
M002,2025-01-11,145.96,20633,1,0
M002,2025-01-12,146.35,20633,1,0
M002,2025-01-13,138.92,20633,1,0
M002,2025-01-14,144.78,20633,1,0
M002,2025-01-15,203.69,20633,1,0
M002,2025-01-16,236.77,20633,1,0
M002,2025-01-17,140.58,20633,1,0
M002,2025-01-18,144.03,20633,1,0
M002,2025-01-19,174.9,20633,1,0
M002,2025-01-20,272.5,20633,1,0
M002,2025-01-21,167.28,20633,1,0
M002,2025-01-22,199.53,20633,1,0
M002,2025-01-23,216.98,20633,1,0
M002,2025-01-24,170.44,20633,1,0
M002,2025-01-25,188.24,20633,1,0
M002,2025-01-26,178.04,20633,1,0
M002,2025-01-27,196.92,20633,1,0
M002,2025-01-28,128.14,20633,1,0
M002,2025-01-29,172.72,20633,1,0
M002,2025-01-30,179.78,20633,1,0
M002,2025-01-31,174.98,20633,1,0
M002,2025-02-01,195.87,20633,1,0
M002,2025-02-02,172.59,20633,1,0
M002,2025-02-03,120.53,20633,1,0
M002,2025-02-04,185.55,20633,1,0
M002,2025-02-05,134.68,20633,1,0
M002,2025-02-06,138.47,20633,1,0
M002,2025-02-07,144.04,20633,1,0
M002,2025-02-08,152.17,20633,1,0
M002,2025-02-09,102.77,20633,1,0
M002,2025-02-10,200.31,20633,1,0
M002,2025-02-11,124.31,20633,1,0
M002,2025-02-12,221.19,20633,1,0
M002,2025-02-13,123.71,20633,1,0
M002,2025-02-14,204.07,20633,1,0
M002,2025-02-15,155.3,20633,1,0
M002,2025-02-16,96.91,20633,1,0
M002,2025-02-17,124.54,20633,1,0
M002,2025-02-18,211.84,20633,1,0
M002,2025-02-19,181.95,20633,1,0
M002,2025-02-20,160.73,20633,1,0
M002,2025-02-21,81.2,20633,1,0
M002,2025-02-22,205.4,20633,1,0
M002,2025-02-23,223.31,20633,1,0
M002,2025-02-24,220.83,20633,1,0
M002,2025-02-25,143.75,20633,1,0
M002,2025-02-26,179.85,20633,1,0
M002,2025-02-27,181.02,20633,1,0
M002,2025-02-28,105.67,20633,1,0
M002,2025-03-01,163.08,20633,1,0
M002,2025-03-02,195.4,20633,1,0
M002,2025-03-03,188.56,20633,1,0
M002,2025-03-04,126.51,20633,1,1
M002,2025-03-05,138.99,20633,1,1
M002,2025-03-06,197.22,20633,1,1
M002,2025-03-07,190.1,20633,1,1
M002,2025-03-08,88.6,20633,1,1
M002,2025-03-09,85.21,20633,1,1
M002,2025-03-10,175.62,20633,1,1
M002,2025-03-11,164.25,20633,1,1
M002,2025-03-12,175.5,20633,1,1
M002,2025-03-13,168.85,20633,1,1
M002,2025-03-14,213.62,20633,1,1
M002,2025-03-15,179.98,20633,1,1
M002,2025-03-16,186.74,20633,1,1
M002,2025-03-17,134.05,20633,1,1
M002,2025-03-18,66.86,20633,1,1
M002,2025-03-19,225.73,20633,1,1
M002,2025-03-20,258.93,20633,1,1
M002,2025-03-21,167.17,20633,1,1
M002,2025-03-22,185.32,20633,1,1
M002,2025-03-23,188.96,20633,1,1
M002,2025-03-24,240.42,20633,1,1
M002,2025-03-25,216.7,20633,1,1
M002,2025-03-26,203.87,20633,1,1
M002,2025-03-27,185.7,20633,1,1
M002,2025-03-28,181.55,20633,1,1
M002,2025-03-29,126.12,20633,1,1
M002,2025-03-30,164.26,20633,1,1
M002,2025-03-31,212.87,20633,1,1
M003,2025-01-01,136.12,14574,0,0
M003,2025-01-02,143.63,14574,0,0
M003,2025-01-03,94.63,14574,0,0
M003,2025-01-04,151.34,14574,0,0
M003,2025-01-05,82.5,14574,0,0
M003,2025-01-06,150.58,14574,0,0
M003,2025-01-07,137.05,14574,0,0
M003,2025-01-08,81.07,14574,0,0
M003,2025-01-09,181.4,14574,0,0
M003,2025-01-10,131.93,14574,0,0
M003,2025-01-11,203.4,14574,0,0
M003,2025-01-12,190.39,14574,0,0
M003,2025-01-13,108.0,14574,0,0
M003,2025-01-14,115.15,14574,0,0
M003,2025-01-15,102.23,14574,0,0
M003,2025-01-16,84.38,14574,0,0
M003,2025-01-17,122.71,14574,0,0
M003,2025-01-18,188.37,14574,0,0
M003,2025-01-19,66.37,14574,0,0
M003,2025-01-20,171.64,14574,0,0
M003,2025-01-21,172.52,14574,0,0
M003,2025-01-22,165.69,14574,0,0
M003,2025-01-23,169.56,14574,0,0
M003,2025-01-24,97.97,14574,0,0
M003,2025-01-25,163.62,14574,0,0
M003,2025-01-26,116.62,14574,0,0
M003,2025-01-27,50.62,14574,0,0
M003,2025-01-28,146.72,14574,0,0
M003,2025-01-29,114.71,14574,0,0
M003,2025-01-30,192.7,14574,0,0
M003,2025-01-31,128.15,14574,0,0
M003,2025-02-01,137.64,14574,0,0
M003,2025-02-02,151.22,14574,0,0
M003,2025-02-03,131.12,14574,0,0
M003,2025-02-04,141.05,14574,0,0
M003,2025-02-05,176.74,14574,0,0
M003,2025-02-06,104.13,14574,0,0
M003,2025-02-07,113.18,14574,0,0
M003,2025-02-08,100.79,14574,0,0
M003,2025-02-09,189.82,14574,0,0
M003,2025-02-10,115.45,14574,0,0
M003,2025-02-11,139.84,14574,0,0
M003,2025-02-12,124.09,14574,0,0
M003,2025-02-13,132.13,14574,0,0
M003,2025-02-14,112.11,14574,0,0
M003,2025-02-15,153.39,14574,0,0
M003,2025-02-16,99.32,14574,0,0
M003,2025-02-17,91.86,14574,0,0
M003,2025-02-18,124.88,14574,0,0
M003,2025-02-19,117.09,14574,0,0
M003,2025-02-20,94.66,14574,0,0
M003,2025-02-21,127.51,14574,0,0
M003,2025-02-22,75.88,14574,0,0
M003,2025-02-23,200.95,14574,0,0
M003,2025-02-24,86.96,14574,0,0
M003,2025-02-25,121.89,14574,0,0
M003,2025-02-26,131.78,14574,0,0
M003,2025-02-27,205.58,14574,0,0
M003,2025-02-28,76.22,14574,0,0
M003,2025-03-01,142.11,14574,0,0
M003,2025-03-02,175.89,14574,0,0
M003,2025-03-03,130.51,14574,0,0
M003,2025-03-04,102.96,14574,0,1
M003,2025-03-05,142.84,14574,0,1
M003,2025-03-06,200.05,14574,0,1
M003,2025-03-07,117.27,14574,0,1
M003,2025-03-08,189.74,14574,0,1
M003,2025-03-09,147.62,14574,0,1
M003,2025-03-10,187.22,14574,0,1
M003,2025-03-11,154.04,14574,0,1
M003,2025-03-12,129.29,14574,0,1
M003,2025-03-13,204.38,14574,0,1
M003,2025-03-14,148.3,14574,0,1
M003,2025-03-15,143.48,14574,0,1
M003,2025-03-16,167.96,14574,0,1
M003,2025-03-17,176.17,14574,0,1
M003,2025-03-18,176.04,14574,0,1
M003,2025-03-19,97.81,14574,0,1
M003,2025-03-20,121.26,14574,0,1
M003,2025-03-21,116.25,14574,0,1
M003,2025-03-22,109.09,14574,0,1
M003,2025-03-23,106.68,14574,0,1
M003,2025-03-24,117.99,14574,0,1
M003,2025-03-25,158.81,14574,0,1
M003,2025-03-26,165.61,14574,0,1
M003,2025-03-27,144.77,14574,0,1
M003,2025-03-28,124.93,14574,0,1
M003,2025-03-29,184.56,14574,0,1
M003,2025-03-30,135.5,14574,0,1
M003,2025-03-31,177.11,14574,0,1
M004,2025-01-01,49.52,2112,0,0
M004,2025-01-02,96.48,2112,0,0
M004,2025-01-03,139.04,2112,0,0
M004,2025-01-04,0.0,2112,0,0
M004,2025-01-05,36.45,2112,0,0
M004,2025-01-06,103.45,2112,0,0
M004,2025-01-07,138.64,2112,0,0
M004,2025-01-08,88.62,2112,0,0
M004,2025-01-09,78.17,2112,0,0
M004,2025-01-10,152.69,2112,0,0
M004,2025-01-11,132.99,2112,0,0
M004,2025-01-12,25.75,2112,0,0
M004,2025-01-13,79.42,2112,0,0
M004,2025-01-14,95.66,2112,0,0
M004,2025-01-15,165.25,2112,0,0
M004,2025-01-16,119.49,2112,0,0
M004,2025-01-17,66.19,2112,0,0
M004,2025-01-18,79.85,2112,0,0
M004,2025-01-19,0.0,2112,0,0
M004,2025-01-20,122.55,2112,0,0
M004,2025-01-21,110.16,2112,0,0
M004,2025-01-22,139.75,2112,0,0
M004,2025-01-23,68.56,2112,0,0
M004,2025-01-24,77.97,2112,0,0
M004,2025-01-25,44.5,2112,0,0
M004,2025-01-26,11.8,2112,0,0
M004,2025-01-27,43.29,2112,0,0
M004,2025-01-28,0.0,2112,0,0
M004,2025-01-29,124.8,2112,0,0
M004,2025-01-30,0.0,2112,0,0
M004,2025-01-31,174.23,2112,0,0
M004,2025-02-01,0.0,2112,0,0
M004,2025-02-02,145.63,2112,0,0
M004,2025-02-03,27.93,2112,0,0
M004,2025-02-04,106.05,2112,0,0
M004,2025-02-05,40.69,2112,0,0
M004,2025-02-06,160.54,2112,0,0
M004,2025-02-07,73.88,2112,0,0
M004,2025-02-08,123.21,2112,0,0
M004,2025-02-09,73.8,2112,0,0
M004,2025-02-10,91.7,2112,0,0
M004,2025-02-11,108.92,2112,0,0
M004,2025-02-12,52.07,2112,0,0
M004,2025-02-13,11.42,2112,0,0
M004,2025-02-14,6.01,2112,0,0
M004,2025-02-15,71.63,2112,0,0
M004,2025-02-16,45.36,2112,0,0
M004,2025-02-17,0.0,2112,0,0
M004,2025-02-18,103.79,2112,0,0
M004,2025-02-19,17.31,2112,0,0
M004,2025-02-20,17.56,2112,0,0
M004,2025-02-21,69.74,2112,0,0
M004,2025-02-22,23.68,2112,0,0
M004,2025-02-23,76.31,2112,0,0
M004,2025-02-24,173.72,2112,0,0
M004,2025-02-25,58.82,2112,0,0
M004,2025-02-26,25.42,2112,0,0
M004,2025-02-27,85.42,2112,0,0
M004,2025-02-28,32.77,2112,0,0
M004,2025-03-01,70.43,2112,0,0
M004,2025-03-02,86.15,2112,0,0
M004,2025-03-03,72.35,2112,0,0
M004,2025-03-04,80.9,2112,0,1
M004,2025-03-05,88.73,2112,0,1
M004,2025-03-06,157.0,2112,0,1
M004,2025-03-07,59.23,2112,0,1
M004,2025-03-08,75.75,2112,0,1
M004,2025-03-09,114.07,2112,0,1
M004,2025-03-10,98.0,2112,0,1
M004,2025-03-11,60.04,2112,0,1
M004,2025-03-12,124.66,2112,0,1
M004,2025-03-13,32.41,2112,0,1
M004,2025-03-14,60.63,2112,0,1
M004,2025-03-15,30.45,2112,0,1
M004,2025-03-16,99.47,2112,0,1
M004,2025-03-17,134.38,2112,0,1
M004,2025-03-18,89.49,2112,0,1
M004,2025-03-19,82.99,2112,0,1
M004,2025-03-20,32.3,2112,0,1
M004,2025-03-21,36.69,2112,0,1
M004,2025-03-22,9.21,2112,0,1
M004,2025-03-23,0.0,2112,0,1
M004,2025-03-24,54.62,2112,0,1
M004,2025-03-25,63.24,2112,0,1
M004,2025-03-26,189.02,2112,0,1
M004,2025-03-27,155.52,2112,0,1
M004,2025-03-28,100.32,2112,0,1
M004,2025-03-29,174.84,2112,0,1
M004,2025-03-30,140.79,2112,0,1
M004,2025-03-31,0.0,2112,0,1
M005,2025-01-01,108.6,6677,1,0
M005,2025-01-02,95.81,6677,1,0
M005,2025-01-03,63.08,6677,1,0
M005,2025-01-04,28.43,6677,1,0
M005,2025-01-05,86.54,6677,1,0
M005,2025-01-06,14.51,6677,1,0
M005,2025-01-07,76.9,6677,1,0
M005,2025-01-08,60.99,6677,1,0
M005,2025-01-09,40.09,6677,1,0
M005,2025-01-10,105.31,6677,1,0
M005,2025-01-11,67.69,6677,1,0
M005,2025-01-12,74.81,6677,1,0
M005,2025-01-13,99.6,6677,1,0
M005,2025-01-14,77.5,6677,1,0
M005,2025-01-15,91.58,6677,1,0
M005,2025-01-16,99.26,6677,1,0
M005,2025-01-17,87.88,6677,1,0
M005,2025-01-18,77.23,6677,1,0
M005,2025-01-19,120.76,6677,1,0
M005,2025-01-20,109.33,6677,1,0
M005,2025-01-21,75.56,6677,1,0
M005,2025-01-22,53.15,6677,1,0
M005,2025-01-23,94.46,6677,1,0
M005,2025-01-24,78.15,6677,1,0
M005,2025-01-25,117.89,6677,1,0
M005,2025-01-26,98.4,6677,1,0
M005,2025-01-27,96.0,6677,1,0
M005,2025-01-28,78.6,6677,1,0
M005,2025-01-29,54.36,6677,1,0
M005,2025-01-30,70.94,6677,1,0
M005,2025-01-31,85.8,6677,1,0
M005,2025-02-01,20.46,6677,1,0
M005,2025-02-02,105.86,6677,1,0
M005,2025-02-03,133.25,6677,1,0
M005,2025-02-04,23.23,6677,1,0
M005,2025-02-05,39.7,6677,1,0
M005,2025-02-06,83.33,6677,1,0
M005,2025-02-07,55.95,6677,1,0
M005,2025-02-08,77.24,6677,1,0
M005,2025-02-09,68.79,6677,1,0
M005,2025-02-10,45.69,6677,1,0
M005,2025-02-11,115.31,6677,1,0
M005,2025-02-12,92.91,6677,1,0
M005,2025-02-13,61.14,6677,1,0
M005,2025-02-14,115.49,6677,1,0
M005,2025-02-15,55.63,6677,1,0
M005,2025-02-16,35.79,6677,1,0
M005,2025-02-17,80.22,6677,1,0
M005,2025-02-18,88.99,6677,1,0
M005,2025-02-19,95.06,6677,1,0
M005,2025-02-20,97.06,6677,1,0
M005,2025-02-21,87.64,6677,1,0
M005,2025-02-22,83.81,6677,1,0
M005,2025-02-23,55.01,6677,1,0
M005,2025-02-24,55.91,6677,1,0
M005,2025-02-25,100.28,6677,1,0
M005,2025-02-26,87.11,6677,1,0
M005,2025-02-27,100.82,6677,1,0
M005,2025-02-28,24.72,6677,1,0
M005,2025-03-01,56.32,6677,1,0
M005,2025-03-02,125.72,6677,1,0
M005,2025-03-03,91.19,6677,1,0
M005,2025-03-04,87.83,6677,1,1
M005,2025-03-05,101.8,6677,1,1
M005,2025-03-06,143.01,6677,1,1
M005,2025-03-07,133.99,6677,1,1
M005,2025-03-08,30.95,6677,1,1
M005,2025-03-09,43.69,6677,1,1
M005,2025-03-10,37.45,6677,1,1
M005,2025-03-11,67.26,6677,1,1
M005,2025-03-12,91.04,6677,1,1
M005,2025-03-13,93.69,6677,1,1
M005,2025-03-14,39.03,6677,1,1
M005,2025-03-15,26.79,6677,1,1
M005,2025-03-16,59.11,6677,1,1
M005,2025-03-17,110.8,6677,1,1
M005,2025-03-18,119.7,6677,1,1
M005,2025-03-19,138.18,6677,1,1
M005,2025-03-20,86.13,6677,1,1
M005,2025-03-21,106.27,6677,1,1
M005,2025-03-22,108.76,6677,1,1
M005,2025-03-23,66.96,6677,1,1
M005,2025-03-24,96.04,6677,1,1
M005,2025-03-25,107.67,6677,1,1
M005,2025-03-26,64.14,6677,1,1
M005,2025-03-27,133.94,6677,1,1
M005,2025-03-28,81.89,6677,1,1
M005,2025-03-29,82.79,6677,1,1
M005,2025-03-30,54.41,6677,1,1
M005,2025-03-31,63.12,6677,1,1
M006,2025-01-01,49.91,88954,0,0
M006,2025-01-02,61.24,88954,0,0
M006,2025-01-03,72.17,88954,0,0
M006,2025-01-04,47.55,88954,0,0
M006,2025-01-05,73.4,88954,0,0
M006,2025-01-06,67.6,88954,0,0
M006,2025-01-07,59.77,88954,0,0
M006,2025-01-08,63.87,88954,0,0
M006,2025-01-09,60.18,88954,0,0
M006,2025-01-10,67.32,88954,0,0
M006,2025-01-11,57.22,88954,0,0
M006,2025-01-12,62.35,88954,0,0
M006,2025-01-13,61.14,88954,0,0
M006,2025-01-14,62.14,88954,0,0
M006,2025-01-15,65.85,88954,0,0
M006,2025-01-16,58.6,88954,0,0
M006,2025-01-17,47.77,88954,0,0
M006,2025-01-18,59.19,88954,0,0
M006,2025-01-19,45.76,88954,0,0
M006,2025-01-20,57.36,88954,0,0
M006,2025-01-21,60.22,88954,0,0
M006,2025-01-22,67.95,88954,0,0
M006,2025-01-23,70.99,88954,0,0
M006,2025-01-24,64.43,88954,0,0
M006,2025-01-25,58.43,88954,0,0
M006,2025-01-26,51.3,88954,0,0
M006,2025-01-27,58.01,88954,0,0
M006,2025-01-28,61.03,88954,0,0
M006,2025-01-29,61.13,88954,0,0
M006,2025-01-30,58.86,88954,0,0
M006,2025-01-31,54.38,88954,0,0
M006,2025-02-01,51.41,88954,0,0
M006,2025-02-02,61.27,88954,0,0
M006,2025-02-03,52.7,88954,0,0
M006,2025-02-04,58.65,88954,0,0
M006,2025-02-05,54.32,88954,0,0
M006,2025-02-06,70.3,88954,0,0
M006,2025-02-07,52.21,88954,0,0
M006,2025-02-08,58.59,88954,0,0
M006,2025-02-09,58.42,88954,0,0
M006,2025-02-10,67.6,88954,0,0
M006,2025-02-11,62.0,88954,0,0
M006,2025-02-12,58.4,88954,0,0
M006,2025-02-13,51.92,88954,0,0
M006,2025-02-14,39.95,88954,0,0
M006,2025-02-15,55.6,88954,0,0
M006,2025-02-16,60.4,88954,0,0
M006,2025-02-17,62.44,88954,0,0
M006,2025-02-18,53.91,88954,0,0
M006,2025-02-19,70.88,88954,0,0
M006,2025-02-20,57.38,88954,0,0
M006,2025-02-21,51.76,88954,0,0
M006,2025-02-22,50.23,88954,0,0
M006,2025-02-23,56.18,88954,0,0
M006,2025-02-24,50.38,88954,0,0
M006,2025-02-25,63.32,88954,0,0
M006,2025-02-26,67.2,88954,0,0
M006,2025-02-27,68.73,88954,0,0
M006,2025-02-28,58.61,88954,0,0
M006,2025-03-01,46.49,88954,0,0
M006,2025-03-02,56.74,88954,0,0
M006,2025-03-03,53.14,88954,0,0
M006,2025-03-04,56.71,88954,0,1
M006,2025-03-05,56.16,88954,0,1
M006,2025-03-06,50.06,88954,0,1
M006,2025-03-07,54.11,88954,0,1
M006,2025-03-08,61.98,88954,0,1
M006,2025-03-09,69.98,88954,0,1
M006,2025-03-10,56.29,88954,0,1
M006,2025-03-11,70.54,88954,0,1
M006,2025-03-12,62.31,88954,0,1
M006,2025-03-13,51.8,88954,0,1
M006,2025-03-14,62.12,88954,0,1
M006,2025-03-15,56.53,88954,0,1
M006,2025-03-16,67.37,88954,0,1
M006,2025-03-17,50.42,88954,0,1
M006,2025-03-18,81.31,88954,0,1
M006,2025-03-19,74.79,88954,0,1
M006,2025-03-20,62.08,88954,0,1
M006,2025-03-21,56.01,88954,0,1
M006,2025-03-22,50.73,88954,0,1
M006,2025-03-23,56.85,88954,0,1
M006,2025-03-24,58.95,88954,0,1
M006,2025-03-25,67.22,88954,0,1
M006,2025-03-26,63.17,88954,0,1
M006,2025-03-27,71.12,88954,0,1
M006,2025-03-28,58.77,88954,0,1
M006,2025-03-29,53.7,88954,0,1
M006,2025-03-30,62.66,88954,0,1
M006,2025-03-31,50.11,88954,0,1
M007,2025-01-01,192.66,60879,0,0
M007,2025-01-02,182.7,60879,0,0
M007,2025-01-03,145.25,60879,0,0
M007,2025-01-04,135.69,60879,0,0
M007,2025-01-05,199.37,60879,0,0
M007,2025-01-06,202.19,60879,0,0
M007,2025-01-07,187.89,60879,0,0
M007,2025-01-08,224.48,60879,0,0
M007,2025-01-09,192.37,60879,0,0
M007,2025-01-10,206.69,60879,0,0
M007,2025-01-11,184.87,60879,0,0
M007,2025-01-12,169.8,60879,0,0
M007,2025-01-13,155.69,60879,0,0
M007,2025-01-14,170.08,60879,0,0
M007,2025-01-15,179.05,60879,0,0
M007,2025-01-16,213.72,60879,0,0
M007,2025-01-17,195.71,60879,0,0
M007,2025-01-18,182.88,60879,0,0
M007,2025-01-19,196.31,60879,0,0
M007,2025-01-20,192.33,60879,0,0
M007,2025-01-21,190.13,60879,0,0
M007,2025-01-22,150.51,60879,0,0
M007,2025-01-23,208.64,60879,0,0
M007,2025-01-24,167.47,60879,0,0
M007,2025-01-25,200.46,60879,0,0
M007,2025-01-26,203.66,60879,0,0
M007,2025-01-27,164.8,60879,0,0
M007,2025-01-28,206.08,60879,0,0
M007,2025-01-29,176.83,60879,0,0
M007,2025-01-30,174.27,60879,0,0
M007,2025-01-31,184.07,60879,0,0
M007,2025-02-01,182.0,60879,0,0
M007,2025-02-02,177.31,60879,0,0
M007,2025-02-03,149.57,60879,0,0
M007,2025-02-04,181.46,60879,0,0
M007,2025-02-05,237.78,60879,0,0
M007,2025-02-06,118.35,60879,0,0
M007,2025-02-07,198.28,60879,0,0
M007,2025-02-08,199.91,60879,0,0
M007,2025-02-09,145.19,60879,0,0
M007,2025-02-10,169.61,60879,0,0
M007,2025-02-11,161.28,60879,0,0
M007,2025-02-12,228.08,60879,0,0
M007,2025-02-13,208.07,60879,0,0
M007,2025-02-14,204.86,60879,0,0
M007,2025-02-15,178.4,60879,0,0
M007,2025-02-16,206.85,60879,0,0
M007,2025-02-17,180.33,60879,0,0
M007,2025-02-18,215.78,60879,0,0
M007,2025-02-19,181.99,60879,0,0
M007,2025-02-20,167.06,60879,0,0
M007,2025-02-21,220.16,60879,0,0
M007,2025-02-22,175.23,60879,0,0
M007,2025-02-23,155.96,60879,0,0
M007,2025-02-24,159.63,60879,0,0
M007,2025-02-25,163.62,60879,0,0
M007,2025-02-26,204.98,60879,0,0
M007,2025-02-27,180.53,60879,0,0
M007,2025-02-28,231.48,60879,0,0
M007,2025-03-01,203.15,60879,0,0
M007,2025-03-02,182.7,60879,0,0
M007,2025-03-03,213.07,60879,0,0
M007,2025-03-04,173.19,60879,0,1
M007,2025-03-05,142.82,60879,0,1
M007,2025-03-06,160.08,60879,0,1
M007,2025-03-07,181.97,60879,0,1
M007,2025-03-08,170.75,60879,0,1
M007,2025-03-09,195.87,60879,0,1
M007,2025-03-10,177.91,60879,0,1
M007,2025-03-11,201.95,60879,0,1
M007,2025-03-12,220.3,60879,0,1
M007,2025-03-13,180.05,60879,0,1
M007,2025-03-14,191.47,60879,0,1
M007,2025-03-15,135.51,60879,0,1
M007,2025-03-16,174.09,60879,0,1
M007,2025-03-17,152.46,60879,0,1
M007,2025-03-18,188.14,60879,0,1
M007,2025-03-19,191.21,60879,0,1
M007,2025-03-20,188.44,60879,0,1
M007,2025-03-21,167.68,60879,0,1
M007,2025-03-22,229.06,60879,0,1
M007,2025-03-23,147.8,60879,0,1
M007,2025-03-24,150.31,60879,0,1
M007,2025-03-25,223.05,60879,0,1
M007,2025-03-26,169.62,60879,0,1
M007,2025-03-27,161.38,60879,0,1
M007,2025-03-28,231.95,60879,0,1
M007,2025-03-29,198.88,60879,0,1
M007,2025-03-30,163.42,60879,0,1
M007,2025-03-31,186.06,60879,0,1
M008,2025-01-01,179.46,62796,0,0
M008,2025-01-02,154.62,62796,0,0
M008,2025-01-03,160.84,62796,0,0
M008,2025-01-04,149.67,62796,0,0
M008,2025-01-05,152.9,62796,0,0
M008,2025-01-06,141.11,62796,0,0
M008,2025-01-07,144.56,62796,0,0
M008,2025-01-08,150.1,62796,0,0
M008,2025-01-09,155.71,62796,0,0
M008,2025-01-10,133.42,62796,0,0
M008,2025-01-11,137.93,62796,0,0
M008,2025-01-12,131.3,62796,0,0
M008,2025-01-13,142.79,62796,0,0
M008,2025-01-14,122.57,62796,0,0
M008,2025-01-15,191.81,62796,0,0
M008,2025-01-16,130.09,62796,0,0
M008,2025-01-17,132.37,62796,0,0
M008,2025-01-18,121.62,62796,0,0
M008,2025-01-19,148.01,62796,0,0
M008,2025-01-20,137.61,62796,0,0
M008,2025-01-21,127.99,62796,0,0
M008,2025-01-22,157.67,62796,0,0
M008,2025-01-23,157.39,62796,0,0
M008,2025-01-24,137.92,62796,0,0
M008,2025-01-25,124.71,62796,0,0
M008,2025-01-26,176.21,62796,0,0
M008,2025-01-27,147.43,62796,0,0
M008,2025-01-28,122.84,62796,0,0
M008,2025-01-29,171.4,62796,0,0
M008,2025-01-30,128.59,62796,0,0
M008,2025-01-31,187.94,62796,0,0
M008,2025-02-01,138.19,62796,0,0
M008,2025-02-02,155.72,62796,0,0
M008,2025-02-03,104.96,62796,0,0
M008,2025-02-04,122.99,62796,0,0
M008,2025-02-05,170.31,62796,0,0
M008,2025-02-06,149.68,62796,0,0
M008,2025-02-07,175.9,62796,0,0
M008,2025-02-08,145.7,62796,0,0
M008,2025-02-09,140.7,62796,0,0
M008,2025-02-10,172.4,62796,0,0
M008,2025-02-11,163.91,62796,0,0
M008,2025-02-12,143.58,62796,0,0
M008,2025-02-13,125.05,62796,0,0
M008,2025-02-14,98.16,62796,0,0
M008,2025-02-15,129.71,62796,0,0
M008,2025-02-16,117.48,62796,0,0
M008,2025-02-17,188.37,62796,0,0
M008,2025-02-18,134.87,62796,0,0
M008,2025-02-19,135.4,62796,0,0
M008,2025-02-20,117.83,62796,0,0
M008,2025-02-21,135.73,62796,0,0
M008,2025-02-22,126.03,62796,0,0
M008,2025-02-23,169.54,62796,0,0
M008,2025-02-24,145.74,62796,0,0
M008,2025-02-25,146.56,62796,0,0
M008,2025-02-26,145.35,62796,0,0
M008,2025-02-27,158.98,62796,0,0
M008,2025-02-28,132.78,62796,0,0
M008,2025-03-01,149.92,62796,0,0
M008,2025-03-02,167.68,62796,0,0
M008,2025-03-03,151.23,62796,0,0
M008,2025-03-04,142.63,62796,0,1
M008,2025-03-05,131.2,62796,0,1
M008,2025-03-06,140.54,62796,0,1
M008,2025-03-07,151.07,62796,0,1
M008,2025-03-08,111.35,62796,0,1
M008,2025-03-09,154.18,62796,0,1
M008,2025-03-10,147.1,62796,0,1
M008,2025-03-11,144.75,62796,0,1
M008,2025-03-12,136.74,62796,0,1
M008,2025-03-13,137.32,62796,0,1
M008,2025-03-14,152.02,62796,0,1
M008,2025-03-15,136.53,62796,0,1
M008,2025-03-16,130.94,62796,0,1
M008,2025-03-17,152.05,62796,0,1
M008,2025-03-18,156.71,62796,0,1
M008,2025-03-19,126.64,62796,0,1
M008,2025-03-20,156.19,62796,0,1
M008,2025-03-21,186.04,62796,0,1
M008,2025-03-22,147.44,62796,0,1
M008,2025-03-23,110.09,62796,0,1
M008,2025-03-24,147.24,62796,0,1
M008,2025-03-25,115.67,62796,0,1
M008,2025-03-26,205.09,62796,0,1
M008,2025-03-27,185.96,62796,0,1
M008,2025-03-28,130.34,62796,0,1
M008,2025-03-29,99.74,62796,0,1
M008,2025-03-30,124.94,62796,0,1
M008,2025-03-31,141.23,62796,0,1
M009,2025-01-01,109.6,28578,0,0
M009,2025-01-02,156.41,28578,0,0
M009,2025-01-03,148.66,28578,0,0
M009,2025-01-04,155.14,28578,0,0
M009,2025-01-05,159.21,28578,0,0
M009,2025-01-06,128.24,28578,0,0
M009,2025-01-07,135.47,28578,0,0
M009,2025-01-08,162.76,28578,0,0
M009,2025-01-09,140.33,28578,0,0
M009,2025-01-10,181.0,28578,0,0
M009,2025-01-11,152.87,28578,0,0
M009,2025-01-12,207.33,28578,0,0
M009,2025-01-13,180.77,28578,0,0
M009,2025-01-14,193.0,28578,0,0
M009,2025-01-15,165.64,28578,0,0
M009,2025-01-16,163.71,28578,0,0
M009,2025-01-17,205.41,28578,0,0
M009,2025-01-18,141.11,28578,0,0
M009,2025-01-19,169.15,28578,0,0
M009,2025-01-20,149.36,28578,0,0
M009,2025-01-21,153.24,28578,0,0
M009,2025-01-22,127.95,28578,0,0
M009,2025-01-23,137.75,28578,0,0
M009,2025-01-24,128.03,28578,0,0
M009,2025-01-25,169.87,28578,0,0
M009,2025-01-26,183.91,28578,0,0
M009,2025-01-27,154.71,28578,0,0
M009,2025-01-28,168.14,28578,0,0
M009,2025-01-29,157.99,28578,0,0
M009,2025-01-30,136.1,28578,0,0
M009,2025-01-31,180.7,28578,0,0
M009,2025-02-01,171.91,28578,0,0
M009,2025-02-02,98.56,28578,0,0
M009,2025-02-03,149.54,28578,0,0
M009,2025-02-04,136.0,28578,0,0
M009,2025-02-05,151.36,28578,0,0
M009,2025-02-06,140.54,28578,0,0
M009,2025-02-07,154.48,28578,0,0
M009,2025-02-08,143.54,28578,0,0
M009,2025-02-09,143.94,28578,0,0
M009,2025-02-10,190.51,28578,0,0
M009,2025-02-11,178.4,28578,0,0
M009,2025-02-12,142.56,28578,0,0
M009,2025-02-13,144.24,28578,0,0
M009,2025-02-14,170.55,28578,0,0
M009,2025-02-15,167.85,28578,0,0
M009,2025-02-16,136.9,28578,0,0
M009,2025-02-17,151.66,28578,0,0
M009,2025-02-18,216.42,28578,0,0
M009,2025-02-19,146.33,28578,0,0
M009,2025-02-20,216.65,28578,0,0
M009,2025-02-21,188.77,28578,0,0
M009,2025-02-22,204.28,28578,0,0
M009,2025-02-23,136.5,28578,0,0
M009,2025-02-24,153.91,28578,0,0
M009,2025-02-25,149.67,28578,0,0
M009,2025-02-26,196.73,28578,0,0
M009,2025-02-27,144.56,28578,0,0
M009,2025-02-28,178.23,28578,0,0
M009,2025-03-01,174.03,28578,0,0
M009,2025-03-02,153.82,28578,0,0
M009,2025-03-03,197.13,28578,0,0
M009,2025-03-04,166.28,28578,0,1
M009,2025-03-05,188.52,28578,0,1
M009,2025-03-06,147.04,28578,0,1
M009,2025-03-07,136.06,28578,0,1
M009,2025-03-08,175.91,28578,0,1
M009,2025-03-09,168.15,28578,0,1
M009,2025-03-10,166.63,28578,0,1
M009,2025-03-11,153.43,28578,0,1
M009,2025-03-12,209.76,28578,0,1
M009,2025-03-13,129.2,28578,0,1
M009,2025-03-14,123.31,28578,0,1
M009,2025-03-15,182.42,28578,0,1
M009,2025-03-16,181.03,28578,0,1
M009,2025-03-17,170.2,28578,0,1
M009,2025-03-18,155.4,28578,0,1
M009,2025-03-19,179.51,28578,0,1
M009,2025-03-20,212.46,28578,0,1
M009,2025-03-21,231.39,28578,0,1
M009,2025-03-22,106.82,28578,0,1
M009,2025-03-23,144.0,28578,0,1
M009,2025-03-24,146.12,28578,0,1
M009,2025-03-25,211.68,28578,0,1
M009,2025-03-26,92.66,28578,0,1
M009,2025-03-27,177.53,28578,0,1
M009,2025-03-28,150.72,28578,0,1
M009,2025-03-29,203.43,28578,0,1
M009,2025-03-30,200.44,28578,0,1
M009,2025-03-31,171.22,28578,0,1
M010,2025-01-01,47.09,59481,0,0
M010,2025-01-02,51.35,59481,0,0
M010,2025-01-03,47.81,59481,0,0
M010,2025-01-04,39.21,59481,0,0
M010,2025-01-05,57.3,59481,0,0
M010,2025-01-06,43.29,59481,0,0
M010,2025-01-07,70.78,59481,0,0
M010,2025-01-08,71.77,59481,0,0
M010,2025-01-09,52.95,59481,0,0
M010,2025-01-10,53.56,59481,0,0
M010,2025-01-11,48.14,59481,0,0
M010,2025-01-12,55.85,59481,0,0
M010,2025-01-13,62.37,59481,0,0
M010,2025-01-14,59.32,59481,0,0
M010,2025-01-15,61.78,59481,0,0
M010,2025-01-16,51.62,59481,0,0
M010,2025-01-17,54.6,59481,0,0
M010,2025-01-18,50.05,59481,0,0
M010,2025-01-19,43.66,59481,0,0
M010,2025-01-20,53.8,59481,0,0
M010,2025-01-21,55.21,59481,0,0
M010,2025-01-22,54.66,59481,0,0
M010,2025-01-23,48.3,59481,0,0
M010,2025-01-24,52.32,59481,0,0
M010,2025-01-25,43.86,59481,0,0
M010,2025-01-26,46.99,59481,0,0
M010,2025-01-27,61.59,59481,0,0
M010,2025-01-28,62.49,59481,0,0
M010,2025-01-29,52.41,59481,0,0
M010,2025-01-30,58.91,59481,0,0
M010,2025-01-31,53.1,59481,0,0
M010,2025-02-01,61.24,59481,0,0
M010,2025-02-02,60.05,59481,0,0
M010,2025-02-03,43.93,59481,0,0
M010,2025-02-04,64.36,59481,0,0
M010,2025-02-05,68.15,59481,0,0
M010,2025-02-06,60.63,59481,0,0
M010,2025-02-07,50.18,59481,0,0
M010,2025-02-08,66.43,59481,0,0
M010,2025-02-09,55.31,59481,0,0
M010,2025-02-10,68.39,59481,0,0
M010,2025-02-11,68.04,59481,0,0
M010,2025-02-12,62.94,59481,0,0
M010,2025-02-13,53.09,59481,0,0
M010,2025-02-14,52.62,59481,0,0
M010,2025-02-15,48.59,59481,0,0
M010,2025-02-16,42.77,59481,0,0
M010,2025-02-17,59.55,59481,0,0
M010,2025-02-18,69.82,59481,0,0
M010,2025-02-19,57.98,59481,0,0
M010,2025-02-20,72.27,59481,0,0
M010,2025-02-21,42.36,59481,0,0
M010,2025-02-22,57.67,59481,0,0
M010,2025-02-23,62.93,59481,0,0
M010,2025-02-24,53.97,59481,0,0
M010,2025-02-25,58.04,59481,0,0
M010,2025-02-26,67.51,59481,0,0
M010,2025-02-27,61.15,59481,0,0
M010,2025-02-28,39.62,59481,0,0
M010,2025-03-01,44.91,59481,0,0
M010,2025-03-02,51.63,59481,0,0
M010,2025-03-03,46.24,59481,0,0
M010,2025-03-04,56.36,59481,0,1
M010,2025-03-05,51.37,59481,0,1
M010,2025-03-06,55.42,59481,0,1
M010,2025-03-07,51.35,59481,0,1
M010,2025-03-08,53.43,59481,0,1
M010,2025-03-09,51.38,59481,0,1
M010,2025-03-10,59.43,59481,0,1
M010,2025-03-11,62.56,59481,0,1
M010,2025-03-12,68.02,59481,0,1
M010,2025-03-13,64.28,59481,0,1
M010,2025-03-14,59.25,59481,0,1
M010,2025-03-15,72.68,59481,0,1
M010,2025-03-16,54.7,59481,0,1
M010,2025-03-17,74.12,59481,0,1
M010,2025-03-18,63.05,59481,0,1
M010,2025-03-19,60.65,59481,0,1
M010,2025-03-20,55.99,59481,0,1
M010,2025-03-21,64.65,59481,0,1
M010,2025-03-22,62.89,59481,0,1
M010,2025-03-23,56.74,59481,0,1
M010,2025-03-24,64.36,59481,0,1
M010,2025-03-25,51.72,59481,0,1
M010,2025-03-26,50.86,59481,0,1
M010,2025-03-27,67.43,59481,0,1
M010,2025-03-28,53.69,59481,0,1
M010,2025-03-29,57.05,59481,0,1
M010,2025-03-30,47.97,59481,0,1
M010,2025-03-31,68.26,59481,0,1
M011,2025-01-01,146.81,31624,0,0
M011,2025-01-02,149.51,31624,0,0
M011,2025-01-03,243.57,31624,0,0
M011,2025-01-04,99.95,31624,0,0
M011,2025-01-05,204.83,31624,0,0
M011,2025-01-06,191.87,31624,0,0
M011,2025-01-07,173.95,31624,0,0
M011,2025-01-08,193.57,31624,0,0
M011,2025-01-09,168.37,31624,0,0
M011,2025-01-10,247.13,31624,0,0
M011,2025-01-11,253.56,31624,0,0
M011,2025-01-12,167.98,31624,0,0
M011,2025-01-13,205.33,31624,0,0
M011,2025-01-14,153.62,31624,0,0
M011,2025-01-15,237.97,31624,0,0
M011,2025-01-16,234.39,31624,0,0
M011,2025-01-17,183.41,31624,0,0
M011,2025-01-18,191.58,31624,0,0
M011,2025-01-19,188.72,31624,0,0
M011,2025-01-20,139.65,31624,0,0
M011,2025-01-21,253.58,31624,0,0
M011,2025-01-22,174.17,31624,0,0
M011,2025-01-23,171.72,31624,0,0
M011,2025-01-24,188.6,31624,0,0
M011,2025-01-25,225.75,31624,0,0
M011,2025-01-26,171.58,31624,0,0
M011,2025-01-27,128.2,31624,0,0
M011,2025-01-28,169.16,31624,0,0
M011,2025-01-29,215.73,31624,0,0
M011,2025-01-30,274.42,31624,0,0
M011,2025-01-31,150.18,31624,0,0
M011,2025-02-01,146.23,31624,0,0
M011,2025-02-02,139.71,31624,0,0
M011,2025-02-03,139.32,31624,0,0
M011,2025-02-04,242.06,31624,0,0
M011,2025-02-05,253.1,31624,0,0
M011,2025-02-06,204.63,31624,0,0
M011,2025-02-07,177.88,31624,0,0
M011,2025-02-08,253.72,31624,0,0
M011,2025-02-09,198.49,31624,0,0
M011,2025-02-10,234.25,31624,0,0
M011,2025-02-11,182.35,31624,0,0
M011,2025-02-12,202.83,31624,0,0
M011,2025-02-13,155.6,31624,0,0
M011,2025-02-14,216.17,31624,0,0
M011,2025-02-15,198.25,31624,0,0
M011,2025-02-16,161.5,31624,0,0
M011,2025-02-17,165.9,31624,0,0
M011,2025-02-18,256.63,31624,0,0
M011,2025-02-19,269.99,31624,0,0
M011,2025-02-20,191.36,31624,0,0
M011,2025-02-21,196.8,31624,0,0
M011,2025-02-22,205.67,31624,0,0
M011,2025-02-23,197.9,31624,0,0
M011,2025-02-24,138.48,31624,0,0
M011,2025-02-25,215.49,31624,0,0
M011,2025-02-26,129.02,31624,0,0
M011,2025-02-27,173.45,31624,0,0
M011,2025-02-28,212.17,31624,0,0
M011,2025-03-01,212.78,31624,0,0
M011,2025-03-02,164.75,31624,0,0
M011,2025-03-03,180.9,31624,0,0
M011,2025-03-04,180.13,31624,0,1
M011,2025-03-05,198.18,31624,0,1
M011,2025-03-06,198.14,31624,0,1
M011,2025-03-07,218.0,31624,0,1
M011,2025-03-08,174.11,31624,0,1
M011,2025-03-09,206.04,31624,0,1
M011,2025-03-10,214.62,31624,0,1
M011,2025-03-11,207.82,31624,0,1
M011,2025-03-12,192.89,31624,0,1
M011,2025-03-13,205.51,31624,0,1
M011,2025-03-14,221.05,31624,0,1
M011,2025-03-15,221.4,31624,0,1
M011,2025-03-16,256.33,31624,0,1
M011,2025-03-17,162.73,31624,0,1
M011,2025-03-18,185.79,31624,0,1
M011,2025-03-19,145.98,31624,0,1
M011,2025-03-20,231.75,31624,0,1
M011,2025-03-21,183.44,31624,0,1
M011,2025-03-22,199.55,31624,0,1
M011,2025-03-23,172.37,31624,0,1
M011,2025-03-24,185.95,31624,0,1
M011,2025-03-25,243.76,31624,0,1
M011,2025-03-26,226.36,31624,0,1
M011,2025-03-27,195.66,31624,0,1
M011,2025-03-28,221.92,31624,0,1
M011,2025-03-29,220.0,31624,0,1
M011,2025-03-30,179.92,31624,0,1
M011,2025-03-31,146.39,31624,0,1
M012,2025-01-01,141.73,17114,1,0
M012,2025-01-02,120.39,17114,1,0
M012,2025-01-03,221.95,17114,1,0
M012,2025-01-04,226.6,17114,1,0
M012,2025-01-05,238.07,17114,1,0
M012,2025-01-06,89.57,17114,1,0
M012,2025-01-07,224.15,17114,1,0
M012,2025-01-08,273.35,17114,1,0
M012,2025-01-09,224.15,17114,1,0
M012,2025-01-10,81.89,17114,1,0
M012,2025-01-11,244.88,17114,1,0
M012,2025-01-12,172.87,17114,1,0
M012,2025-01-13,165.21,17114,1,0
M012,2025-01-14,198.02,17114,1,0
M012,2025-01-15,135.59,17114,1,0
M012,2025-01-16,177.36,17114,1,0
M012,2025-01-17,241.41,17114,1,0
M012,2025-01-18,196.54,17114,1,0
M012,2025-01-19,173.68,17114,1,0
M012,2025-01-20,178.92,17114,1,0
M012,2025-01-21,129.12,17114,1,0
M012,2025-01-22,173.69,17114,1,0
M012,2025-01-23,108.26,17114,1,0
M012,2025-01-24,216.24,17114,1,0
M012,2025-01-25,77.94,17114,1,0
M012,2025-01-26,207.44,17114,1,0
M012,2025-01-27,216.63,17114,1,0
M012,2025-01-28,234.9,17114,1,0
M012,2025-01-29,183.8,17114,1,0
M012,2025-01-30,216.18,17114,1,0
M012,2025-01-31,166.36,17114,1,0
M012,2025-02-01,120.26,17114,1,0
M012,2025-02-02,236.11,17114,1,0
M012,2025-02-03,171.23,17114,1,0
M012,2025-02-04,119.67,17114,1,0
M012,2025-02-05,160.5,17114,1,0
M012,2025-02-06,159.47,17114,1,0
M012,2025-02-07,192.73,17114,1,0
M012,2025-02-08,269.73,17114,1,0
M012,2025-02-09,193.58,17114,1,0
M012,2025-02-10,184.17,17114,1,0
M012,2025-02-11,283.15,17114,1,0
M012,2025-02-12,221.7,17114,1,0
M012,2025-02-13,188.38,17114,1,0
M012,2025-02-14,153.04,17114,1,0
M012,2025-02-15,183.98,17114,1,0
M012,2025-02-16,168.79,17114,1,0
M012,2025-02-17,179.38,17114,1,0
M012,2025-02-18,235.0,17114,1,0
M012,2025-02-19,157.58,17114,1,0
M012,2025-02-20,199.44,17114,1,0
M012,2025-02-21,213.52,17114,1,0
M012,2025-02-22,142.73,17114,1,0
M012,2025-02-23,136.92,17114,1,0
M012,2025-02-24,169.26,17114,1,0
M012,2025-02-25,160.03,17114,1,0
M012,2025-02-26,229.23,17114,1,0
M012,2025-02-27,135.48,17114,1,0
M012,2025-02-28,176.4,17114,1,0
M012,2025-03-01,278.43,17114,1,0
M012,2025-03-02,189.25,17114,1,0
M012,2025-03-03,200.2,17114,1,0
M012,2025-03-04,228.7,17114,1,1
M012,2025-03-05,164.05,17114,1,1
M012,2025-03-06,138.21,17114,1,1
M012,2025-03-07,190.06,17114,1,1
M012,2025-03-08,194.12,17114,1,1
M012,2025-03-09,118.48,17114,1,1
M012,2025-03-10,209.65,17114,1,1
M012,2025-03-11,245.94,17114,1,1
M012,2025-03-12,163.11,17114,1,1
M012,2025-03-13,217.42,17114,1,1
M012,2025-03-14,232.4,17114,1,1
M012,2025-03-15,216.79,17114,1,1
M012,2025-03-16,221.76,17114,1,1
M012,2025-03-17,186.55,17114,1,1
M012,2025-03-18,153.16,17114,1,1
M012,2025-03-19,182.9,17114,1,1
M012,2025-03-20,174.33,17114,1,1
M012,2025-03-21,191.39,17114,1,1
M012,2025-03-22,238.3,17114,1,1
M012,2025-03-23,137.62,17114,1,1
M012,2025-03-24,203.09,17114,1,1
M012,2025-03-25,155.96,17114,1,1
M012,2025-03-26,170.61,17114,1,1
M012,2025-03-27,222.82,17114,1,1
M012,2025-03-28,144.58,17114,1,1
M012,2025-03-29,223.22,17114,1,1
M012,2025-03-30,136.01,17114,1,1
M012,2025-03-31,225.28,17114,1,1
M013,2025-01-01,75.44,126393,0,0
M013,2025-01-02,79.56,126393,0,0
M013,2025-01-03,93.56,126393,0,0
M013,2025-01-04,89.53,126393,0,0
M013,2025-01-05,75.09,126393,0,0
M013,2025-01-06,84.88,126393,0,0
M013,2025-01-07,94.75,126393,0,0
M013,2025-01-08,91.95,126393,0,0
M013,2025-01-09,82.33,126393,0,0
M013,2025-01-10,74.57,126393,0,0
M013,2025-01-11,83.67,126393,0,0
M013,2025-01-12,86.58,126393,0,0
M013,2025-01-13,94.79,126393,0,0
M013,2025-01-14,73.96,126393,0,0
M013,2025-01-15,78.13,126393,0,0
M013,2025-01-16,93.04,126393,0,0
M013,2025-01-17,68.98,126393,0,0
M013,2025-01-18,86.63,126393,0,0
M013,2025-01-19,77.05,126393,0,0
M013,2025-01-20,78.77,126393,0,0
M013,2025-01-21,88.0,126393,0,0
M013,2025-01-22,77.72,126393,0,0
M013,2025-01-23,90.84,126393,0,0
M013,2025-01-24,92.84,126393,0,0
M013,2025-01-25,84.21,126393,0,0
M013,2025-01-26,77.08,126393,0,0
M013,2025-01-27,71.62,126393,0,0
M013,2025-01-28,75.85,126393,0,0
M013,2025-01-29,78.09,126393,0,0
M013,2025-01-30,85.01,126393,0,0
M013,2025-01-31,81.63,126393,0,0
M013,2025-02-01,84.46,126393,0,0
M013,2025-02-02,66.06,126393,0,0
M013,2025-02-03,92.63,126393,0,0
M013,2025-02-04,92.09,126393,0,0
M013,2025-02-05,85.65,126393,0,0
M013,2025-02-06,76.7,126393,0,0
M013,2025-02-07,90.16,126393,0,0
M013,2025-02-08,76.21,126393,0,0
M013,2025-02-09,79.25,126393,0,0
M013,2025-02-10,86.14,126393,0,0
M013,2025-02-11,80.64,126393,0,0
M013,2025-02-12,86.24,126393,0,0
M013,2025-02-13,91.93,126393,0,0
M013,2025-02-14,86.89,126393,0,0
M013,2025-02-15,84.29,126393,0,0
M013,2025-02-16,71.25,126393,0,0
M013,2025-02-17,81.88,126393,0,0
M013,2025-02-18,84.67,126393,0,0
M013,2025-02-19,91.65,126393,0,0
M013,2025-02-20,88.33,126393,0,0
M013,2025-02-21,82.72,126393,0,0
M013,2025-02-22,96.87,126393,0,0
M013,2025-02-23,77.81,126393,0,0
M013,2025-02-24,80.9,126393,0,0
M013,2025-02-25,79.39,126393,0,0
M013,2025-02-26,77.62,126393,0,0
M013,2025-02-27,77.27,126393,0,0
M013,2025-02-28,76.62,126393,0,0
M013,2025-03-01,88.72,126393,0,0
M013,2025-03-02,80.47,126393,0,0
M013,2025-03-03,85.54,126393,0,0
M013,2025-03-04,87.38,126393,0,1
M013,2025-03-05,91.74,126393,0,1
M013,2025-03-06,96.62,126393,0,1
M013,2025-03-07,67.59,126393,0,1
M013,2025-03-08,88.31,126393,0,1
M013,2025-03-09,62.13,126393,0,1
M013,2025-03-10,84.6,126393,0,1
M013,2025-03-11,104.3,126393,0,1
M013,2025-03-12,94.3,126393,0,1
M013,2025-03-13,89.39,126393,0,1
M013,2025-03-14,96.95,126393,0,1
M013,2025-03-15,74.59,126393,0,1
M013,2025-03-16,83.87,126393,0,1
M013,2025-03-17,88.86,126393,0,1
M013,2025-03-18,84.8,126393,0,1
M013,2025-03-19,86.44,126393,0,1
M013,2025-03-20,82.98,126393,0,1
M013,2025-03-21,83.27,126393,0,1
M013,2025-03-22,83.95,126393,0,1
M013,2025-03-23,81.87,126393,0,1
M013,2025-03-24,90.08,126393,0,1
M013,2025-03-25,74.53,126393,0,1
M013,2025-03-26,88.28,126393,0,1
M013,2025-03-27,79.75,126393,0,1
M013,2025-03-28,85.09,126393,0,1
M013,2025-03-29,82.32,126393,0,1
M013,2025-03-30,80.39,126393,0,1
M013,2025-03-31,88.89,126393,0,1
M014,2025-01-01,101.9,15235,0,0
M014,2025-01-02,78.27,15235,0,0
M014,2025-01-03,54.34,15235,0,0
M014,2025-01-04,41.18,15235,0,0
M014,2025-01-05,74.19,15235,0,0
M014,2025-01-06,82.2,15235,0,0
M014,2025-01-07,62.15,15235,0,0
M014,2025-01-08,96.71,15235,0,0
M014,2025-01-09,70.58,15235,0,0
M014,2025-01-10,42.56,15235,0,0
M014,2025-01-11,97.55,15235,0,0
M014,2025-01-12,96.32,15235,0,0
M014,2025-01-13,37.7,15235,0,0
M014,2025-01-14,70.4,15235,0,0
M014,2025-01-15,70.63,15235,0,0
M014,2025-01-16,112.32,15235,0,0
M014,2025-01-17,73.58,15235,0,0
M014,2025-01-18,43.25,15235,0,0
M014,2025-01-19,91.32,15235,0,0
M014,2025-01-20,53.43,15235,0,0
M014,2025-01-21,76.58,15235,0,0
M014,2025-01-22,67.49,15235,0,0
M014,2025-01-23,68.95,15235,0,0
M014,2025-01-24,94.29,15235,0,0
M014,2025-01-25,103.18,15235,0,0
M014,2025-01-26,48.83,15235,0,0
M014,2025-01-27,90.39,15235,0,0
M014,2025-01-28,67.42,15235,0,0
M014,2025-01-29,69.03,15235,0,0
M014,2025-01-30,89.96,15235,0,0
M014,2025-01-31,55.58,15235,0,0
M014,2025-02-01,82.57,15235,0,0
M014,2025-02-02,88.7,15235,0,0
M014,2025-02-03,69.62,15235,0,0
M014,2025-02-04,108.39,15235,0,0
M014,2025-02-05,57.92,15235,0,0
M014,2025-02-06,107.07,15235,0,0
M014,2025-02-07,37.64,15235,0,0
M014,2025-02-08,126.9,15235,0,0
M014,2025-02-09,66.4,15235,0,0
M014,2025-02-10,55.37,15235,0,0
M014,2025-02-11,77.71,15235,0,0
M014,2025-02-12,62.59,15235,0,0
M014,2025-02-13,88.29,15235,0,0
M014,2025-02-14,103.4,15235,0,0
M014,2025-02-15,53.97,15235,0,0
M014,2025-02-16,86.11,15235,0,0
M014,2025-02-17,48.23,15235,0,0
M014,2025-02-18,102.96,15235,0,0
M014,2025-02-19,91.74,15235,0,0
M014,2025-02-20,102.13,15235,0,0
M014,2025-02-21,74.09,15235,0,0
M014,2025-02-22,65.22,15235,0,0
M014,2025-02-23,90.98,15235,0,0
M014,2025-02-24,52.87,15235,0,0
M014,2025-02-25,48.2,15235,0,0
M014,2025-02-26,83.6,15235,0,0
M014,2025-02-27,73.3,15235,0,0
M014,2025-02-28,87.67,15235,0,0
M014,2025-03-01,95.64,15235,0,0
M014,2025-03-02,85.57,15235,0,0
M014,2025-03-03,98.99,15235,0,0
M014,2025-03-04,89.25,15235,0,1
M014,2025-03-05,93.68,15235,0,1
M014,2025-03-06,78.9,15235,0,1
M014,2025-03-07,86.11,15235,0,1
M014,2025-03-08,77.52,15235,0,1
M014,2025-03-09,81.65,15235,0,1
M014,2025-03-10,75.85,15235,0,1
M014,2025-03-11,99.1,15235,0,1
M014,2025-03-12,70.02,15235,0,1
M014,2025-03-13,81.04,15235,0,1
M014,2025-03-14,103.06,15235,0,1
M014,2025-03-15,55.63,15235,0,1
M014,2025-03-16,32.61,15235,0,1
M014,2025-03-17,86.6,15235,0,1
M014,2025-03-18,78.19,15235,0,1
M014,2025-03-19,104.29,15235,0,1
M014,2025-03-20,79.01,15235,0,1
M014,2025-03-21,65.32,15235,0,1
M014,2025-03-22,73.11,15235,0,1
M014,2025-03-23,97.24,15235,0,1
M014,2025-03-24,90.93,15235,0,1
M014,2025-03-25,35.29,15235,0,1
M014,2025-03-26,88.15,15235,0,1
M014,2025-03-27,86.46,15235,0,1
M014,2025-03-28,77.12,15235,0,1
M014,2025-03-29,62.71,15235,0,1
M014,2025-03-30,99.44,15235,0,1
M014,2025-03-31,104.36,15235,0,1
M015,2025-01-01,17.58,6943,0,0
M015,2025-01-02,56.22,6943,0,0
M015,2025-01-03,71.11,6943,0,0
M015,2025-01-04,100.58,6943,0,0
M015,2025-01-05,74.69,6943,0,0
M015,2025-01-06,57.48,6943,0,0
M015,2025-01-07,102.38,6943,0,0
M015,2025-01-08,76.27,6943,0,0
M015,2025-01-09,76.35,6943,0,0
M015,2025-01-10,74.68,6943,0,0
M015,2025-01-11,89.68,6943,0,0
M015,2025-01-12,64.69,6943,0,0
M015,2025-01-13,97.9,6943,0,0
M015,2025-01-14,79.46,6943,0,0
M015,2025-01-15,51.21,6943,0,0
M015,2025-01-16,78.82,6943,0,0
M015,2025-01-17,45.72,6943,0,0
M015,2025-01-18,74.09,6943,0,0
M015,2025-01-19,98.27,6943,0,0
M015,2025-01-20,46.21,6943,0,0
M015,2025-01-21,92.43,6943,0,0
M015,2025-01-22,58.31,6943,0,0
M015,2025-01-23,85.94,6943,0,0
M015,2025-01-24,100.99,6943,0,0
M015,2025-01-25,10.35,6943,0,0
M015,2025-01-26,41.19,6943,0,0
M015,2025-01-27,67.04,6943,0,0
M015,2025-01-28,91.09,6943,0,0
M015,2025-01-29,77.91,6943,0,0
M015,2025-01-30,78.76,6943,0,0
M015,2025-01-31,135.88,6943,0,0
M015,2025-02-01,37.43,6943,0,0
M015,2025-02-02,107.48,6943,0,0
M015,2025-02-03,67.71,6943,0,0
M015,2025-02-04,98.09,6943,0,0
M015,2025-02-05,145.53,6943,0,0
M015,2025-02-06,100.47,6943,0,0
M015,2025-02-07,86.85,6943,0,0
M015,2025-02-08,120.24,6943,0,0
M015,2025-02-09,107.27,6943,0,0
M015,2025-02-10,54.59,6943,0,0
M015,2025-02-11,90.69,6943,0,0
M015,2025-02-12,32.49,6943,0,0
M015,2025-02-13,64.43,6943,0,0
M015,2025-02-14,85.23,6943,0,0
M015,2025-02-15,55.59,6943,0,0
M015,2025-02-16,82.33,6943,0,0
M015,2025-02-17,77.82,6943,0,0
M015,2025-02-18,97.91,6943,0,0
M015,2025-02-19,70.64,6943,0,0
M015,2025-02-20,52.77,6943,0,0
M015,2025-02-21,119.58,6943,0,0
M015,2025-02-22,58.83,6943,0,0
M015,2025-02-23,93.81,6943,0,0
M015,2025-02-24,120.53,6943,0,0
M015,2025-02-25,87.02,6943,0,0
M015,2025-02-26,58.03,6943,0,0
M015,2025-02-27,75.27,6943,0,0
M015,2025-02-28,106.14,6943,0,0
M015,2025-03-01,79.58,6943,0,0
M015,2025-03-02,39.04,6943,0,0
M015,2025-03-03,95.97,6943,0,0
M015,2025-03-04,104.98,6943,0,1
M015,2025-03-05,72.87,6943,0,1
M015,2025-03-06,98.58,6943,0,1
M015,2025-03-07,83.52,6943,0,1
M015,2025-03-08,67.81,6943,0,1
M015,2025-03-09,36.55,6943,0,1
M015,2025-03-10,110.23,6943,0,1
M015,2025-03-11,104.78,6943,0,1
M015,2025-03-12,100.6,6943,0,1
M015,2025-03-13,126.17,6943,0,1
M015,2025-03-14,104.22,6943,0,1
M015,2025-03-15,93.92,6943,0,1
M015,2025-03-16,9.6,6943,0,1
M015,2025-03-17,113.84,6943,0,1
M015,2025-03-18,84.99,6943,0,1
M015,2025-03-19,92.72,6943,0,1
M015,2025-03-20,90.23,6943,0,1
M015,2025-03-21,99.28,6943,0,1
M015,2025-03-22,106.84,6943,0,1
M015,2025-03-23,93.46,6943,0,1
M015,2025-03-24,92.71,6943,0,1
M015,2025-03-25,89.47,6943,0,1
M015,2025-03-26,0.0,6943,0,1
M015,2025-03-27,72.49,6943,0,1
M015,2025-03-28,48.92,6943,0,1
M015,2025-03-29,109.55,6943,0,1
M015,2025-03-30,93.12,6943,0,1
M015,2025-03-31,65.36,6943,0,1
M016,2025-01-01,97.57,135707,0,0
M016,2025-01-02,94.6,135707,0,0
M016,2025-01-03,90.15,135707,0,0
M016,2025-01-04,78.99,135707,0,0
M016,2025-01-05,78.21,135707,0,0
M016,2025-01-06,96.02,135707,0,0
M016,2025-01-07,108.55,135707,0,0
M016,2025-01-08,96.31,135707,0,0
M016,2025-01-09,100.54,135707,0,0
M016,2025-01-10,99.76,135707,0,0
M016,2025-01-11,82.9,135707,0,0
M016,2025-01-12,91.89,135707,0,0
M016,2025-01-13,90.52,135707,0,0
M016,2025-01-14,113.12,135707,0,0
M016,2025-01-15,113.76,135707,0,0
M016,2025-01-16,90.11,135707,0,0
M016,2025-01-17,97.11,135707,0,0
M016,2025-01-18,100.03,135707,0,0
M016,2025-01-19,99.23,135707,0,0
M016,2025-01-20,96.87,135707,0,0
M016,2025-01-21,110.87,135707,0,0
M016,2025-01-22,93.71,135707,0,0
M016,2025-01-23,95.97,135707,0,0
M016,2025-01-24,86.95,135707,0,0
M016,2025-01-25,97.9,135707,0,0
M016,2025-01-26,87.69,135707,0,0
M016,2025-01-27,95.01,135707,0,0
M016,2025-01-28,105.42,135707,0,0
M016,2025-01-29,107.08,135707,0,0
M016,2025-01-30,91.22,135707,0,0
M016,2025-01-31,103.04,135707,0,0
M016,2025-02-01,95.43,135707,0,0
M016,2025-02-02,83.8,135707,0,0
M016,2025-02-03,85.72,135707,0,0
M016,2025-02-04,100.43,135707,0,0
M016,2025-02-05,108.53,135707,0,0
M016,2025-02-06,106.07,135707,0,0
M016,2025-02-07,97.49,135707,0,0
M016,2025-02-08,92.29,135707,0,0
M016,2025-02-09,97.09,135707,0,0
M016,2025-02-10,89.81,135707,0,0
M016,2025-02-11,114.62,135707,0,0
M016,2025-02-12,115.51,135707,0,0
M016,2025-02-13,102.61,135707,0,0
M016,2025-02-14,96.4,135707,0,0
M016,2025-02-15,88.73,135707,0,0
M016,2025-02-16,97.44,135707,0,0
M016,2025-02-17,91.36,135707,0,0
M016,2025-02-18,82.72,135707,0,0
M016,2025-02-19,79.69,135707,0,0
M016,2025-02-20,92.73,135707,0,0
M016,2025-02-21,96.27,135707,0,0
M016,2025-02-22,95.04,135707,0,0
M016,2025-02-23,89.31,135707,0,0
M016,2025-02-24,98.41,135707,0,0
M016,2025-02-25,98.93,135707,0,0
M016,2025-02-26,93.98,135707,0,0
M016,2025-02-27,99.06,135707,0,0
M016,2025-02-28,101.87,135707,0,0
M016,2025-03-01,84.69,135707,0,0
M016,2025-03-02,85.69,135707,0,0
M016,2025-03-03,88.68,135707,0,0
M016,2025-03-04,85.5,135707,0,1
M016,2025-03-05,98.45,135707,0,1
M016,2025-03-06,105.58,135707,0,1
M016,2025-03-07,96.83,135707,0,1
M016,2025-03-08,91.34,135707,0,1
M016,2025-03-09,94.78,135707,0,1
M016,2025-03-10,93.65,135707,0,1
M016,2025-03-11,85.61,135707,0,1
M016,2025-03-12,109.03,135707,0,1
M016,2025-03-13,108.72,135707,0,1
M016,2025-03-14,89.64,135707,0,1
M016,2025-03-15,91.7,135707,0,1
M016,2025-03-16,91.99,135707,0,1
M016,2025-03-17,100.76,135707,0,1
M016,2025-03-18,115.68,135707,0,1
M016,2025-03-19,112.33,135707,0,1
M016,2025-03-20,97.04,135707,0,1
M016,2025-03-21,100.28,135707,0,1
M016,2025-03-22,103.44,135707,0,1
M016,2025-03-23,97.49,135707,0,1
M016,2025-03-24,98.04,135707,0,1
M016,2025-03-25,105.68,135707,0,1
M016,2025-03-26,97.24,135707,0,1
M016,2025-03-27,95.76,135707,0,1
M016,2025-03-28,87.3,135707,0,1
M016,2025-03-29,95.88,135707,0,1
M016,2025-03-30,93.27,135707,0,1
M016,2025-03-31,91.53,135707,0,1
M017,2025-01-01,131.8,140118,0,0
M017,2025-01-02,136.0,140118,0,0
M017,2025-01-03,147.39,140118,0,0
M017,2025-01-04,134.88,140118,0,0
M017,2025-01-05,100.01,140118,0,0
M017,2025-01-06,131.37,140118,0,0
M017,2025-01-07,148.23,140118,0,0
M017,2025-01-08,119.12,140118,0,0
M017,2025-01-09,136.97,140118,0,0
M017,2025-01-10,124.07,140118,0,0
M017,2025-01-11,136.46,140118,0,0
M017,2025-01-12,129.33,140118,0,0
M017,2025-01-13,119.24,140118,0,0
M017,2025-01-14,130.59,140118,0,0
M017,2025-01-15,132.21,140118,0,0
M017,2025-01-16,129.71,140118,0,0
M017,2025-01-17,138.9,140118,0,0
M017,2025-01-18,114.87,140118,0,0
M017,2025-01-19,135.92,140118,0,0
M017,2025-01-20,125.64,140118,0,0
M017,2025-01-21,135.28,140118,0,0
M017,2025-01-22,134.61,140118,0,0
M017,2025-01-23,130.9,140118,0,0
M017,2025-01-24,126.66,140118,0,0
M017,2025-01-25,139.96,140118,0,0
M017,2025-01-26,134.25,140118,0,0
M017,2025-01-27,125.07,140118,0,0
M017,2025-01-28,150.14,140118,0,0
M017,2025-01-29,136.89,140118,0,0
M017,2025-01-30,135.1,140118,0,0
M017,2025-01-31,117.78,140118,0,0
M017,2025-02-01,118.78,140118,0,0
M017,2025-02-02,117.68,140118,0,0
M017,2025-02-03,130.02,140118,0,0
M017,2025-02-04,139.96,140118,0,0
M017,2025-02-05,137.98,140118,0,0
M017,2025-02-06,148.56,140118,0,0
M017,2025-02-07,117.31,140118,0,0
M017,2025-02-08,125.52,140118,0,0
M017,2025-02-09,111.3,140118,0,0
M017,2025-02-10,119.14,140118,0,0
M017,2025-02-11,146.84,140118,0,0
M017,2025-02-12,129.03,140118,0,0
M017,2025-02-13,122.64,140118,0,0
M017,2025-02-14,103.88,140118,0,0
M017,2025-02-15,115.51,140118,0,0
M017,2025-02-16,123.1,140118,0,0
M017,2025-02-17,114.49,140118,0,0
M017,2025-02-18,130.31,140118,0,0
M017,2025-02-19,147.96,140118,0,0
M017,2025-02-20,123.76,140118,0,0
M017,2025-02-21,116.87,140118,0,0
M017,2025-02-22,112.21,140118,0,0
M017,2025-02-23,112.99,140118,0,0
M017,2025-02-24,135.15,140118,0,0
M017,2025-02-25,133.78,140118,0,0
M017,2025-02-26,144.63,140118,0,0
M017,2025-02-27,153.49,140118,0,0
M017,2025-02-28,107.3,140118,0,0
M017,2025-03-01,128.64,140118,0,0
M017,2025-03-02,113.32,140118,0,0
M017,2025-03-03,137.99,140118,0,0
M017,2025-03-04,130.37,140118,0,1
M017,2025-03-05,134.6,140118,0,1
M017,2025-03-06,117.66,140118,0,1
M017,2025-03-07,122.65,140118,0,1
M017,2025-03-08,125.56,140118,0,1
M017,2025-03-09,140.31,140118,0,1
M017,2025-03-10,120.85,140118,0,1
M017,2025-03-11,127.42,140118,0,1
M017,2025-03-12,144.65,140118,0,1
M017,2025-03-13,122.35,140118,0,1
M017,2025-03-14,139.79,140118,0,1
M017,2025-03-15,124.57,140118,0,1
M017,2025-03-16,128.94,140118,0,1
M017,2025-03-17,133.56,140118,0,1
M017,2025-03-18,126.79,140118,0,1
M017,2025-03-19,138.7,140118,0,1
M017,2025-03-20,123.37,140118,0,1
M017,2025-03-21,121.98,140118,0,1
M017,2025-03-22,130.82,140118,0,1
M017,2025-03-23,128.92,140118,0,1
M017,2025-03-24,128.83,140118,0,1
M017,2025-03-25,119.88,140118,0,1
M017,2025-03-26,123.57,140118,0,1
M017,2025-03-27,134.86,140118,0,1
M017,2025-03-28,135.48,140118,0,1
M017,2025-03-29,112.76,140118,0,1
M017,2025-03-30,116.67,140118,0,1
M017,2025-03-31,131.18,140118,0,1
M018,2025-01-01,128.65,2077,0,0
M018,2025-01-02,0.0,2077,0,0
M018,2025-01-03,125.58,2077,0,0
M018,2025-01-04,62.4,2077,0,0
M018,2025-01-05,241.78,2077,0,0
M018,2025-01-06,134.87,2077,0,0
M018,2025-01-07,152.55,2077,0,0
M018,2025-01-08,155.62,2077,0,0
M018,2025-01-09,20.64,2077,0,0
M018,2025-01-10,267.87,2077,0,0
M018,2025-01-11,0.0,2077,0,0
M018,2025-01-12,174.77,2077,0,0
M018,2025-01-13,164.63,2077,0,0
M018,2025-01-14,81.31,2077,0,0
M018,2025-01-15,173.4,2077,0,0
M018,2025-01-16,92.36,2077,0,0
M018,2025-01-17,59.56,2077,0,0
M018,2025-01-18,148.11,2077,0,0
M018,2025-01-19,31.54,2077,0,0
M018,2025-01-20,97.81,2077,0,0
M018,2025-01-21,72.3,2077,0,0
M018,2025-01-22,93.88,2077,0,0
M018,2025-01-23,152.45,2077,0,0
M018,2025-01-24,66.35,2077,0,0
M018,2025-01-25,95.71,2077,0,0
M018,2025-01-26,71.97,2077,0,0
M018,2025-01-27,231.01,2077,0,0
M018,2025-01-28,147.24,2077,0,0
M018,2025-01-29,138.49,2077,0,0
M018,2025-01-30,172.74,2077,0,0
M018,2025-01-31,66.69,2077,0,0
M018,2025-02-01,179.8,2077,0,0
M018,2025-02-02,139.94,2077,0,0
M018,2025-02-03,0.0,2077,0,0
M018,2025-02-04,6.53,2077,0,0
M018,2025-02-05,75.71,2077,0,0
M018,2025-02-06,13.41,2077,0,0
M018,2025-02-07,95.36,2077,0,0
M018,2025-02-08,30.93,2077,0,0
M018,2025-02-09,104.91,2077,0,0
M018,2025-02-10,229.09,2077,0,0
M018,2025-02-11,116.67,2077,0,0
M018,2025-02-12,97.48,2077,0,0
M018,2025-02-13,149.88,2077,0,0
M018,2025-02-14,59.19,2077,0,0
M018,2025-02-15,179.18,2077,0,0
M018,2025-02-16,152.46,2077,0,0
M018,2025-02-17,120.07,2077,0,0
M018,2025-02-18,133.22,2077,0,0
M018,2025-02-19,284.57,2077,0,0
M018,2025-02-20,194.34,2077,0,0
M018,2025-02-21,290.18,2077,0,0
M018,2025-02-22,154.71,2077,0,0
M018,2025-02-23,0.0,2077,0,0
M018,2025-02-24,96.41,2077,0,0
M018,2025-02-25,0.0,2077,0,0
M018,2025-02-26,164.34,2077,0,0
M018,2025-02-27,178.98,2077,0,0
M018,2025-02-28,44.75,2077,0,0
M018,2025-03-01,60.43,2077,0,0
M018,2025-03-02,125.51,2077,0,0
M018,2025-03-03,22.19,2077,0,0
M018,2025-03-04,20.17,2077,0,1
M018,2025-03-05,221.25,2077,0,1
M018,2025-03-06,129.07,2077,0,1
M018,2025-03-07,71.18,2077,0,1
M018,2025-03-08,0.0,2077,0,1
M018,2025-03-09,181.88,2077,0,1
M018,2025-03-10,63.42,2077,0,1
M018,2025-03-11,270.11,2077,0,1
M018,2025-03-12,191.36,2077,0,1
M018,2025-03-13,55.88,2077,0,1
M018,2025-03-14,58.97,2077,0,1
M018,2025-03-15,250.45,2077,0,1
M018,2025-03-16,107.6,2077,0,1
M018,2025-03-17,77.38,2077,0,1
M018,2025-03-18,124.43,2077,0,1
M018,2025-03-19,81.98,2077,0,1
M018,2025-03-20,139.78,2077,0,1
M018,2025-03-21,110.25,2077,0,1
M018,2025-03-22,183.36,2077,0,1
M018,2025-03-23,83.69,2077,0,1
M018,2025-03-24,48.12,2077,0,1
M018,2025-03-25,94.75,2077,0,1
M018,2025-03-26,95.28,2077,0,1
M018,2025-03-27,114.73,2077,0,1
M018,2025-03-28,167.15,2077,0,1
M018,2025-03-29,160.14,2077,0,1
M018,2025-03-30,210.52,2077,0,1
M018,2025-03-31,54.28,2077,0,1
M019,2025-01-01,103.37,57350,0,0
M019,2025-01-02,104.87,57350,0,0
M019,2025-01-03,83.21,57350,0,0
M019,2025-01-04,86.3,57350,0,0
M019,2025-01-05,68.21,57350,0,0
M019,2025-01-06,105.0,57350,0,0
M019,2025-01-07,95.05,57350,0,0
M019,2025-01-08,108.68,57350,0,0
M019,2025-01-09,98.57,57350,0,0
M019,2025-01-10,89.41,57350,0,0
M019,2025-01-11,69.31,57350,0,0
M019,2025-01-12,72.49,57350,0,0
M019,2025-01-13,61.85,57350,0,0
M019,2025-01-14,90.9,57350,0,0
M019,2025-01-15,127.03,57350,0,0
M019,2025-01-16,80.23,57350,0,0
M019,2025-01-17,59.29,57350,0,0
M019,2025-01-18,101.06,57350,0,0
M019,2025-01-19,119.38,57350,0,0
M019,2025-01-20,97.76,57350,0,0
M019,2025-01-21,101.57,57350,0,0
M019,2025-01-22,95.15,57350,0,0
M019,2025-01-23,74.1,57350,0,0
M019,2025-01-24,74.04,57350,0,0
M019,2025-01-25,85.38,57350,0,0
M019,2025-01-26,83.99,57350,0,0
M019,2025-01-27,92.79,57350,0,0
M019,2025-01-28,108.4,57350,0,0
M019,2025-01-29,91.93,57350,0,0
M019,2025-01-30,106.96,57350,0,0
M019,2025-01-31,85.01,57350,0,0
M019,2025-02-01,102.28,57350,0,0
M019,2025-02-02,91.49,57350,0,0
M019,2025-02-03,88.96,57350,0,0
M019,2025-02-04,99.14,57350,0,0
M019,2025-02-05,95.64,57350,0,0
M019,2025-02-06,97.99,57350,0,0
M019,2025-02-07,101.65,57350,0,0
M019,2025-02-08,88.5,57350,0,0
M019,2025-02-09,86.0,57350,0,0
M019,2025-02-10,80.6,57350,0,0
M019,2025-02-11,105.59,57350,0,0
M019,2025-02-12,103.72,57350,0,0
M019,2025-02-13,82.11,57350,0,0
M019,2025-02-14,102.75,57350,0,0
M019,2025-02-15,74.9,57350,0,0
M019,2025-02-16,103.44,57350,0,0
M019,2025-02-17,103.15,57350,0,0
M019,2025-02-18,103.76,57350,0,0
M019,2025-02-19,94.89,57350,0,0
M019,2025-02-20,103.99,57350,0,0
M019,2025-02-21,105.87,57350,0,0
M019,2025-02-22,97.2,57350,0,0
M019,2025-02-23,82.56,57350,0,0
M019,2025-02-24,98.09,57350,0,0
M019,2025-02-25,112.72,57350,0,0
M019,2025-02-26,126.9,57350,0,0
M019,2025-02-27,94.48,57350,0,0
M019,2025-02-28,103.31,57350,0,0
M019,2025-03-01,104.04,57350,0,0
M019,2025-03-02,80.95,57350,0,0
M019,2025-03-03,116.97,57350,0,0
M019,2025-03-04,85.68,57350,0,1
M019,2025-03-05,109.85,57350,0,1
M019,2025-03-06,100.93,57350,0,1
M019,2025-03-07,93.53,57350,0,1
M019,2025-03-08,121.66,57350,0,1
M019,2025-03-09,87.41,57350,0,1
M019,2025-03-10,91.14,57350,0,1
M019,2025-03-11,115.47,57350,0,1
M019,2025-03-12,109.41,57350,0,1
M019,2025-03-13,113.16,57350,0,1
M019,2025-03-14,94.43,57350,0,1
M019,2025-03-15,94.22,57350,0,1
M019,2025-03-16,114.8,57350,0,1
M019,2025-03-17,84.87,57350,0,1
M019,2025-03-18,97.87,57350,0,1
M019,2025-03-19,110.0,57350,0,1
M019,2025-03-20,95.02,57350,0,1
M019,2025-03-21,86.07,57350,0,1
M019,2025-03-22,98.09,57350,0,1
M019,2025-03-23,107.95,57350,0,1
M019,2025-03-24,93.61,57350,0,1
M019,2025-03-25,97.2,57350,0,1
M019,2025-03-26,92.26,57350,0,1
M019,2025-03-27,93.92,57350,0,1
M019,2025-03-28,106.67,57350,0,1
M019,2025-03-29,91.58,57350,0,1
M019,2025-03-30,81.61,57350,0,1
M019,2025-03-31,98.74,57350,0,1
M020,2025-01-01,293.86,1025,1,0
M020,2025-01-02,65.3,1025,1,0
M020,2025-01-03,0.0,1025,1,0
M020,2025-01-04,443.81,1025,1,0
M020,2025-01-05,0.0,1025,1,0
M020,2025-01-06,91.68,1025,1,0
M020,2025-01-07,178.41,1025,1,0
M020,2025-01-08,108.76,1025,1,0
M020,2025-01-09,133.75,1025,1,0
M020,2025-01-10,220.72,1025,1,0
M020,2025-01-11,0.0,1025,1,0
M020,2025-01-12,0.0,1025,1,0
M020,2025-01-13,148.41,1025,1,0
M020,2025-01-14,89.56,1025,1,0
M020,2025-01-15,165.29,1025,1,0
M020,2025-01-16,176.38,1025,1,0
M020,2025-01-17,0.0,1025,1,0
M020,2025-01-18,315.88,1025,1,0
M020,2025-01-19,68.75,1025,1,0
M020,2025-01-20,21.27,1025,1,0
M020,2025-01-21,175.59,1025,1,0
M020,2025-01-22,162.43,1025,1,0
M020,2025-01-23,312.33,1025,1,0
M020,2025-01-24,178.52,1025,1,0
M020,2025-01-25,299.96,1025,1,0
M020,2025-01-26,7.4,1025,1,0
M020,2025-01-27,162.59,1025,1,0
M020,2025-01-28,0.0,1025,1,0
M020,2025-01-29,161.35,1025,1,0
M020,2025-01-30,129.0,1025,1,0
M020,2025-01-31,118.68,1025,1,0
M020,2025-02-01,117.24,1025,1,0
M020,2025-02-02,242.16,1025,1,0
M020,2025-02-03,0.0,1025,1,0
M020,2025-02-04,20.92,1025,1,0
M020,2025-02-05,142.25,1025,1,0
M020,2025-02-06,0.0,1025,1,0
M020,2025-02-07,147.42,1025,1,0
M020,2025-02-08,131.17,1025,1,0
M020,2025-02-09,0.0,1025,1,0
M020,2025-02-10,0.0,1025,1,0
M020,2025-02-11,0.0,1025,1,0
M020,2025-02-12,0.0,1025,1,0
M020,2025-02-13,147.52,1025,1,0
M020,2025-02-14,163.09,1025,1,0
M020,2025-02-15,166.82,1025,1,0
M020,2025-02-16,30.61,1025,1,0
M020,2025-02-17,140.93,1025,1,0
M020,2025-02-18,203.07,1025,1,0
M020,2025-02-19,0.0,1025,1,0
M020,2025-02-20,163.04,1025,1,0
M020,2025-02-21,233.4,1025,1,0
M020,2025-02-22,70.07,1025,1,0
M020,2025-02-23,288.56,1025,1,0
M020,2025-02-24,78.29,1025,1,0
M020,2025-02-25,27.25,1025,1,0
M020,2025-02-26,226.68,1025,1,0
M020,2025-02-27,430.77,1025,1,0
M020,2025-02-28,153.68,1025,1,0
M020,2025-03-01,227.97,1025,1,0
M020,2025-03-02,68.82,1025,1,0
M020,2025-03-03,0.0,1025,1,0
M020,2025-03-04,171.23,1025,1,1
M020,2025-03-05,196.81,1025,1,1
M020,2025-03-06,101.02,1025,1,1
M020,2025-03-07,237.64,1025,1,1
M020,2025-03-08,57.44,1025,1,1
M020,2025-03-09,26.14,1025,1,1
M020,2025-03-10,307.37,1025,1,1
M020,2025-03-11,314.41,1025,1,1
M020,2025-03-12,77.39,1025,1,1
M020,2025-03-13,404.26,1025,1,1
M020,2025-03-14,119.04,1025,1,1
M020,2025-03-15,168.45,1025,1,1
M020,2025-03-16,145.73,1025,1,1
M020,2025-03-17,234.88,1025,1,1
M020,2025-03-18,203.48,1025,1,1
M020,2025-03-19,202.6,1025,1,1
M020,2025-03-20,21.03,1025,1,1
M020,2025-03-21,0.0,1025,1,1
M020,2025-03-22,316.78,1025,1,1
M020,2025-03-23,81.46,1025,1,1
M020,2025-03-24,154.92,1025,1,1
M020,2025-03-25,211.49,1025,1,1
M020,2025-03-26,394.86,1025,1,1
M020,2025-03-27,186.66,1025,1,1
M020,2025-03-28,104.47,1025,1,1
M020,2025-03-29,83.78,1025,1,1
M020,2025-03-30,152.86,1025,1,1
M020,2025-03-31,34.69,1025,1,1
M021,2025-01-01,75.99,109559,1,0
M021,2025-01-02,72.76,109559,1,0
M021,2025-01-03,79.92,109559,1,0
M021,2025-01-04,65.55,109559,1,0
M021,2025-01-05,54.06,109559,1,0
M021,2025-01-06,89.15,109559,1,0
M021,2025-01-07,81.45,109559,1,0
M021,2025-01-08,90.07,109559,1,0
M021,2025-01-09,65.43,109559,1,0
M021,2025-01-10,67.45,109559,1,0
M021,2025-01-11,70.84,109559,1,0
M021,2025-01-12,70.9,109559,1,0
M021,2025-01-13,73.27,109559,1,0
M021,2025-01-14,60.22,109559,1,0
M021,2025-01-15,64.51,109559,1,0
M021,2025-01-16,83.71,109559,1,0
M021,2025-01-17,80.6,109559,1,0
M021,2025-01-18,65.71,109559,1,0
M021,2025-01-19,76.84,109559,1,0
M021,2025-01-20,64.42,109559,1,0
M021,2025-01-21,69.9,109559,1,0
M021,2025-01-22,68.8,109559,1,0
M021,2025-01-23,67.83,109559,1,0
M021,2025-01-24,74.17,109559,1,0
M021,2025-01-25,60.75,109559,1,0
M021,2025-01-26,82.75,109559,1,0
M021,2025-01-27,74.63,109559,1,0
M021,2025-01-28,82.79,109559,1,0
M021,2025-01-29,79.75,109559,1,0
M021,2025-01-30,81.97,109559,1,0
M021,2025-01-31,63.55,109559,1,0
M021,2025-02-01,76.55,109559,1,0
M021,2025-02-02,68.69,109559,1,0
M021,2025-02-03,79.86,109559,1,0
M021,2025-02-04,65.84,109559,1,0
M021,2025-02-05,77.81,109559,1,0
M021,2025-02-06,74.89,109559,1,0
M021,2025-02-07,65.39,109559,1,0
M021,2025-02-08,69.02,109559,1,0
M021,2025-02-09,78.32,109559,1,0
M021,2025-02-10,67.11,109559,1,0
M021,2025-02-11,82.27,109559,1,0
M021,2025-02-12,69.1,109559,1,0
M021,2025-02-13,88.35,109559,1,0
M021,2025-02-14,75.06,109559,1,0
M021,2025-02-15,78.75,109559,1,0
M021,2025-02-16,72.6,109559,1,0
M021,2025-02-17,74.63,109559,1,0
M021,2025-02-18,81.28,109559,1,0
M021,2025-02-19,75.98,109559,1,0
M021,2025-02-20,63.25,109559,1,0
M021,2025-02-21,72.93,109559,1,0
M021,2025-02-22,62.1,109559,1,0
M021,2025-02-23,60.74,109559,1,0
M021,2025-02-24,76.45,109559,1,0
M021,2025-02-25,74.18,109559,1,0
M021,2025-02-26,84.02,109559,1,0
M021,2025-02-27,69.03,109559,1,0
M021,2025-02-28,66.87,109559,1,0
M021,2025-03-01,75.17,109559,1,0
M021,2025-03-02,70.26,109559,1,0
M021,2025-03-03,62.28,109559,1,0
M021,2025-03-04,77.97,109559,1,1
M021,2025-03-05,88.47,109559,1,1
M021,2025-03-06,73.72,109559,1,1
M021,2025-03-07,77.92,109559,1,1
M021,2025-03-08,66.64,109559,1,1
M021,2025-03-09,73.67,109559,1,1
M021,2025-03-10,87.13,109559,1,1
M021,2025-03-11,86.38,109559,1,1
M021,2025-03-12,94.62,109559,1,1
M021,2025-03-13,86.08,109559,1,1
M021,2025-03-14,93.92,109559,1,1
M021,2025-03-15,65.6,109559,1,1
M021,2025-03-16,75.72,109559,1,1
M021,2025-03-17,73.77,109559,1,1
M021,2025-03-18,78.17,109559,1,1
M021,2025-03-19,79.22,109559,1,1
M021,2025-03-20,84.49,109559,1,1
M021,2025-03-21,80.57,109559,1,1
M021,2025-03-22,79.25,109559,1,1
M021,2025-03-23,69.74,109559,1,1
M021,2025-03-24,79.08,109559,1,1
M021,2025-03-25,78.68,109559,1,1
M021,2025-03-26,92.54,109559,1,1
M021,2025-03-27,77.62,109559,1,1
M021,2025-03-28,77.75,109559,1,1
M021,2025-03-29,80.31,109559,1,1
M021,2025-03-30,73.33,109559,1,1
M021,2025-03-31,86.14,109559,1,1
M022,2025-01-01,162.97,5428,0,0
M022,2025-01-02,103.66,5428,0,0
M022,2025-01-03,128.02,5428,0,0
M022,2025-01-04,5.54,5428,0,0
M022,2025-01-05,72.76,5428,0,0
M022,2025-01-06,101.42,5428,0,0
M022,2025-01-07,55.51,5428,0,0
M022,2025-01-08,107.27,5428,0,0
M022,2025-01-09,138.92,5428,0,0
M022,2025-01-10,16.24,5428,0,0
M022,2025-01-11,41.37,5428,0,0
M022,2025-01-12,97.69,5428,0,0
M022,2025-01-13,112.73,5428,0,0
M022,2025-01-14,127.85,5428,0,0
M022,2025-01-15,103.59,5428,0,0
M022,2025-01-16,115.04,5428,0,0
M022,2025-01-17,128.53,5428,0,0
M022,2025-01-18,72.78,5428,0,0
M022,2025-01-19,65.96,5428,0,0
M022,2025-01-20,87.62,5428,0,0
M022,2025-01-21,106.38,5428,0,0
M022,2025-01-22,72.83,5428,0,0
M022,2025-01-23,80.81,5428,0,0
M022,2025-01-24,108.38,5428,0,0
M022,2025-01-25,96.04,5428,0,0
M022,2025-01-26,83.22,5428,0,0
M022,2025-01-27,24.51,5428,0,0
M022,2025-01-28,98.42,5428,0,0
M022,2025-01-29,60.5,5428,0,0
M022,2025-01-30,136.47,5428,0,0
M022,2025-01-31,80.14,5428,0,0
M022,2025-02-01,49.78,5428,0,0
M022,2025-02-02,88.42,5428,0,0
M022,2025-02-03,146.01,5428,0,0
M022,2025-02-04,124.18,5428,0,0
M022,2025-02-05,108.63,5428,0,0
M022,2025-02-06,43.7,5428,0,0
M022,2025-02-07,158.09,5428,0,0
M022,2025-02-08,65.08,5428,0,0
M022,2025-02-09,128.72,5428,0,0
M022,2025-02-10,81.95,5428,0,0
M022,2025-02-11,132.72,5428,0,0
M022,2025-02-12,152.62,5428,0,0
M022,2025-02-13,123.42,5428,0,0
M022,2025-02-14,123.45,5428,0,0
M022,2025-02-15,86.37,5428,0,0
M022,2025-02-16,73.85,5428,0,0
M022,2025-02-17,100.84,5428,0,0
M022,2025-02-18,85.52,5428,0,0
M022,2025-02-19,199.56,5428,0,0
M022,2025-02-20,57.57,5428,0,0
M022,2025-02-21,133.58,5428,0,0
M022,2025-02-22,111.38,5428,0,0
M022,2025-02-23,100.8,5428,0,0
M022,2025-02-24,155.08,5428,0,0
M022,2025-02-25,111.44,5428,0,0
M022,2025-02-26,74.85,5428,0,0
M022,2025-02-27,109.49,5428,0,0
M022,2025-02-28,86.06,5428,0,0
M022,2025-03-01,111.03,5428,0,0
M022,2025-03-02,124.5,5428,0,0
M022,2025-03-03,61.11,5428,0,0
M022,2025-03-04,147.78,5428,0,1
M022,2025-03-05,90.37,5428,0,1
M022,2025-03-06,115.83,5428,0,1
M022,2025-03-07,118.5,5428,0,1
M022,2025-03-08,105.77,5428,0,1
M022,2025-03-09,87.58,5428,0,1
M022,2025-03-10,76.24,5428,0,1
M022,2025-03-11,89.02,5428,0,1
M022,2025-03-12,163.88,5428,0,1
M022,2025-03-13,63.31,5428,0,1
M022,2025-03-14,64.91,5428,0,1
M022,2025-03-15,60.46,5428,0,1
M022,2025-03-16,97.66,5428,0,1
M022,2025-03-17,34.73,5428,0,1
M022,2025-03-18,45.56,5428,0,1
M022,2025-03-19,90.56,5428,0,1
M022,2025-03-20,46.53,5428,0,1
M022,2025-03-21,45.51,5428,0,1
M022,2025-03-22,39.85,5428,0,1
M022,2025-03-23,58.31,5428,0,1
M022,2025-03-24,125.79,5428,0,1
M022,2025-03-25,138.77,5428,0,1
M022,2025-03-26,178.56,5428,0,1
M022,2025-03-27,174.41,5428,0,1
M022,2025-03-28,125.97,5428,0,1
M022,2025-03-29,133.01,5428,0,1
M022,2025-03-30,97.9,5428,0,1
M022,2025-03-31,117.5,5428,0,1
M023,2025-01-01,133.97,71418,0,0
M023,2025-01-02,111.77,71418,0,0
M023,2025-01-03,117.17,71418,0,0
M023,2025-01-04,88.57,71418,0,0
M023,2025-01-05,92.9,71418,0,0
M023,2025-01-06,108.99,71418,0,0
M023,2025-01-07,110.92,71418,0,0
M023,2025-01-08,102.35,71418,0,0
M023,2025-01-09,137.28,71418,0,0
M023,2025-01-10,105.22,71418,0,0
M023,2025-01-11,94.9,71418,0,0
M023,2025-01-12,103.28,71418,0,0
M023,2025-01-13,105.65,71418,0,0
M023,2025-01-14,111.61,71418,0,0
M023,2025-01-15,90.48,71418,0,0
M023,2025-01-16,123.65,71418,0,0
M023,2025-01-17,120.05,71418,0,0
M023,2025-01-18,118.88,71418,0,0
M023,2025-01-19,105.66,71418,0,0
M023,2025-01-20,113.79,71418,0,0
M023,2025-01-21,98.74,71418,0,0
M023,2025-01-22,120.84,71418,0,0
M023,2025-01-23,110.95,71418,0,0
M023,2025-01-24,97.8,71418,0,0
M023,2025-01-25,111.58,71418,0,0
M023,2025-01-26,113.06,71418,0,0
M023,2025-01-27,106.54,71418,0,0
M023,2025-01-28,115.17,71418,0,0
M023,2025-01-29,97.91,71418,0,0
M023,2025-01-30,123.49,71418,0,0
M023,2025-01-31,92.58,71418,0,0
M023,2025-02-01,92.31,71418,0,0
M023,2025-02-02,102.84,71418,0,0
M023,2025-02-03,119.85,71418,0,0
M023,2025-02-04,123.78,71418,0,0
M023,2025-02-05,110.88,71418,0,0
M023,2025-02-06,117.87,71418,0,0
M023,2025-02-07,82.99,71418,0,0
M023,2025-02-08,92.36,71418,0,0
M023,2025-02-09,93.61,71418,0,0
M023,2025-02-10,121.78,71418,0,0
M023,2025-02-11,118.3,71418,0,0
M023,2025-02-12,113.46,71418,0,0
M023,2025-02-13,111.99,71418,0,0
M023,2025-02-14,123.66,71418,0,0
M023,2025-02-15,99.4,71418,0,0
M023,2025-02-16,86.19,71418,0,0
M023,2025-02-17,119.95,71418,0,0
M023,2025-02-18,112.65,71418,0,0
M023,2025-02-19,123.23,71418,0,0
M023,2025-02-20,108.16,71418,0,0
M023,2025-02-21,93.99,71418,0,0
M023,2025-02-22,106.74,71418,0,0
M023,2025-02-23,102.86,71418,0,0
M023,2025-02-24,108.97,71418,0,0
M023,2025-02-25,130.69,71418,0,0
M023,2025-02-26,97.97,71418,0,0
M023,2025-02-27,112.49,71418,0,0
M023,2025-02-28,94.46,71418,0,0
M023,2025-03-01,69.79,71418,0,0
M023,2025-03-02,102.35,71418,0,0
M023,2025-03-03,107.28,71418,0,0
M023,2025-03-04,118.58,71418,0,1
M023,2025-03-05,109.13,71418,0,1
M023,2025-03-06,90.67,71418,0,1
M023,2025-03-07,94.64,71418,0,1
M023,2025-03-08,118.54,71418,0,1
M023,2025-03-09,92.79,71418,0,1
M023,2025-03-10,126.78,71418,0,1
M023,2025-03-11,124.1,71418,0,1
M023,2025-03-12,108.11,71418,0,1
M023,2025-03-13,100.33,71418,0,1
M023,2025-03-14,118.09,71418,0,1
M023,2025-03-15,99.41,71418,0,1
M023,2025-03-16,84.21,71418,0,1
M023,2025-03-17,114.33,71418,0,1
M023,2025-03-18,116.47,71418,0,1
M023,2025-03-19,126.41,71418,0,1
M023,2025-03-20,113.95,71418,0,1
M023,2025-03-21,98.48,71418,0,1
M023,2025-03-22,118.4,71418,0,1
M023,2025-03-23,120.6,71418,0,1
M023,2025-03-24,110.46,71418,0,1
M023,2025-03-25,112.26,71418,0,1
M023,2025-03-26,96.07,71418,0,1
M023,2025-03-27,102.29,71418,0,1
M023,2025-03-28,114.97,71418,0,1
M023,2025-03-29,95.93,71418,0,1
M023,2025-03-30,85.76,71418,0,1
M023,2025-03-31,151.21,71418,0,1
M024,2025-01-01,64.73,8757,1,0
M024,2025-01-02,210.9,8757,1,0
M024,2025-01-03,103.97,8757,1,0
M024,2025-01-04,110.2,8757,1,0
M024,2025-01-05,87.67,8757,1,0
M024,2025-01-06,149.82,8757,1,0
M024,2025-01-07,64.81,8757,1,0
M024,2025-01-08,49.77,8757,1,0
M024,2025-01-09,185.15,8757,1,0
M024,2025-01-10,84.23,8757,1,0
M024,2025-01-11,143.56,8757,1,0
M024,2025-01-12,71.26,8757,1,0
M024,2025-01-13,146.97,8757,1,0
M024,2025-01-14,189.91,8757,1,0
M024,2025-01-15,102.44,8757,1,0
M024,2025-01-16,43.48,8757,1,0
M024,2025-01-17,184.09,8757,1,0
M024,2025-01-18,150.89,8757,1,0
M024,2025-01-19,95.86,8757,1,0
M024,2025-01-20,110.02,8757,1,0
M024,2025-01-21,78.23,8757,1,0
M024,2025-01-22,180.48,8757,1,0
M024,2025-01-23,99.57,8757,1,0
M024,2025-01-24,59.87,8757,1,0
M024,2025-01-25,122.5,8757,1,0
M024,2025-01-26,80.52,8757,1,0
M024,2025-01-27,77.65,8757,1,0
M024,2025-01-28,105.58,8757,1,0
M024,2025-01-29,127.23,8757,1,0
M024,2025-01-30,65.82,8757,1,0
M024,2025-01-31,172.19,8757,1,0
M024,2025-02-01,141.17,8757,1,0
M024,2025-02-02,100.44,8757,1,0
M024,2025-02-03,82.84,8757,1,0
M024,2025-02-04,119.34,8757,1,0
M024,2025-02-05,159.88,8757,1,0
M024,2025-02-06,151.0,8757,1,0
M024,2025-02-07,159.24,8757,1,0
M024,2025-02-08,94.97,8757,1,0
M024,2025-02-09,0.0,8757,1,0
M024,2025-02-10,169.04,8757,1,0
M024,2025-02-11,116.34,8757,1,0
M024,2025-02-12,150.67,8757,1,0
M024,2025-02-13,188.12,8757,1,0
M024,2025-02-14,214.42,8757,1,0
M024,2025-02-15,88.32,8757,1,0
M024,2025-02-16,120.66,8757,1,0
M024,2025-02-17,173.92,8757,1,0
M024,2025-02-18,89.37,8757,1,0
M024,2025-02-19,100.84,8757,1,0
M024,2025-02-20,97.92,8757,1,0
M024,2025-02-21,116.0,8757,1,0
M024,2025-02-22,105.63,8757,1,0
M024,2025-02-23,91.66,8757,1,0
M024,2025-02-24,80.71,8757,1,0
M024,2025-02-25,155.77,8757,1,0
M024,2025-02-26,177.79,8757,1,0
M024,2025-02-27,180.9,8757,1,0
M024,2025-02-28,98.0,8757,1,0
M024,2025-03-01,148.72,8757,1,0
M024,2025-03-02,125.0,8757,1,0
M024,2025-03-03,96.64,8757,1,0
M024,2025-03-04,152.78,8757,1,1
M024,2025-03-05,101.74,8757,1,1
M024,2025-03-06,110.7,8757,1,1
M024,2025-03-07,68.37,8757,1,1
M024,2025-03-08,104.23,8757,1,1
M024,2025-03-09,135.97,8757,1,1
M024,2025-03-10,194.55,8757,1,1
M024,2025-03-11,123.58,8757,1,1
M024,2025-03-12,97.17,8757,1,1
M024,2025-03-13,195.94,8757,1,1
M024,2025-03-14,111.51,8757,1,1
M024,2025-03-15,59.06,8757,1,1
M024,2025-03-16,135.32,8757,1,1
M024,2025-03-17,120.93,8757,1,1
M024,2025-03-18,229.9,8757,1,1
M024,2025-03-19,157.86,8757,1,1
M024,2025-03-20,130.29,8757,1,1
M024,2025-03-21,94.83,8757,1,1
M024,2025-03-22,142.35,8757,1,1
M024,2025-03-23,188.41,8757,1,1
M024,2025-03-24,146.52,8757,1,1
M024,2025-03-25,104.06,8757,1,1
M024,2025-03-26,160.52,8757,1,1
M024,2025-03-27,134.32,8757,1,1
M024,2025-03-28,149.9,8757,1,1
M024,2025-03-29,115.06,8757,1,1
M024,2025-03-30,115.1,8757,1,1
M024,2025-03-31,117.45,8757,1,1
